id,umsatz
1808011,87.360916
1808012,87.360916
1808013,87.360916
1808014,87.360916
1808015,87.360916
1808021,87.360916
1808022,87.360916
1808023,87.360916
1808024,87.360916
1808025,87.360916
1808031,87.360916
1808032,87.360916
1808033,87.360916
1808034,87.360916
1808035,87.360916
1808041,87.360916
1808042,87.360916
1808043,87.360916
1808044,87.360916
1808045,87.360916
1808051,87.360916
1808052,87.360916
1808053,87.360916
1808054,87.360916
1808055,87.360916
1808061,87.360916
1808062,87.360916
1808063,87.360916
1808064,87.360916
1808065,87.360916
1808071,87.360916
1808072,87.360916
1808073,87.360916
1808074,87.360916
1808075,87.360916
1808081,87.360916
1808082,87.360916
1808083,87.360916
1808084,87.360916
1808085,87.360916
1808091,87.360916
1808092,87.360916
1808093,87.360916
1808094,87.360916
1808095,87.360916
1808101,87.360916
1808102,87.360916
1808103,87.360916
1808104,87.360916
1808105,87.360916
1808111,87.360916
1808112,87.360916
1808113,87.360916
1808114,87.360916
1808115,87.360916
1808121,87.360916
1808122,87.360916
1808123,87.360916
1808124,87.360916
1808125,87.360916
1808131,87.360916
1808132,87.360916
1808133,87.360916
1808134,87.360916
1808135,87.360916
1808141,87.360916
1808142,87.360916
1808143,87.360916
1808144,87.360916
1808145,87.360916
1808151,87.360916
1808152,87.360916
1808153,87.360916
1808154,87.360916
1808155,87.360916
1808161,87.360916
1808162,87.360916
1808163,87.360916
1808164,87.360916
1808165,87.360916
1808171,87.360916
1808172,87.360916
1808173,87.360916
1808174,87.360916
1808175,87.360916
1808181,87.360916
1808182,87.360916
1808183,87.360916
1808184,87.360916
1808185,87.360916
1808191,87.360916
1808192,87.360916
1808193,87.360916
1808194,87.360916
1808195,87.360916
1808201,87.360916
1808202,87.360916
1808203,87.360916
1808204,87.360916
1808205,87.360916
1808211,87.360916
1808212,87.360916
1808213,87.360916
1808214,87.360916
1808215,87.360916
1808221,87.360916
1808222,87.360916
1808223,87.360916
1808224,87.360916
1808225,87.360916
1808231,87.360916
1808232,87.360916
1808233,87.360916
1808234,87.360916
1808235,87.360916
1808241,87.360916
1808242,87.360916
1808243,87.360916
1808244,87.360916
1808245,87.360916
1808251,87.360916
1808252,87.360916
1808253,87.360916
1808254,87.360916
1808255,87.360916
1808261,87.360916
1808262,87.360916
1808263,87.360916
1808264,87.360916
1808265,87.360916
1808271,87.360916
1808272,87.360916
1808273,87.360916
1808274,87.360916
1808275,87.360916
1808281,87.360916
1808282,87.360916
1808283,87.360916
1808284,87.360916
1808285,87.360916
1808291,87.360916
1808292,87.360916
1808293,87.360916
1808294,87.360916
1808295,87.360916
1808301,87.360916
1808302,87.360916
1808303,87.360916
1808304,87.360916
1808305,87.360916
1808311,87.360916
1808312,87.360916
1808313,87.360916
1808314,87.360916
1808315,87.360916
1809011,87.360916
1809012,87.360916
1809013,87.360916
1809014,87.360916
1809015,87.360916
1809021,87.360916
1809022,87.360916
1809023,87.360916
1809024,87.360916
1809025,87.360916
1809031,87.360916
1809032,87.360916
1809033,87.360916
1809034,87.360916
1809035,87.360916
1809041,87.360916
1809042,87.360916
1809043,87.360916
1809044,87.360916
1809045,87.360916
1809051,87.360916
1809052,87.360916
1809053,87.360916
1809054,87.360916
1809055,87.360916
1809061,87.360916
1809062,87.360916
1809063,87.360916
1809064,87.360916
1809065,87.360916
1809071,87.360916
1809072,87.360916
1809073,87.360916
1809074,87.360916
1809075,87.360916
1809081,87.360916
1809082,87.360916
1809083,87.360916
1809084,87.360916
1809085,87.360916
1809091,87.360916
1809092,87.360916
1809093,87.360916
1809094,87.360916
1809095,87.360916
1809101,87.360916
1809102,87.360916
1809103,87.360916
1809104,87.360916
1809105,87.360916
1809111,87.360916
1809112,87.360916
1809113,87.360916
1809114,87.360916
1809115,87.360916
1809121,87.360916
1809122,87.360916
1809123,87.360916
1809124,87.360916
1809125,87.360916
1809131,87.360916
1809132,87.360916
1809133,87.360916
1809134,87.360916
1809135,87.360916
1809141,87.360916
1809142,87.360916
1809143,87.360916
1809144,87.360916
1809145,87.360916
1809151,87.360916
1809152,87.360916
1809153,87.360916
1809154,87.360916
1809155,87.360916
1809161,87.360916
1809162,87.360916
1809163,87.360916
1809164,87.360916
1809165,87.360916
1809171,87.360916
1809172,87.360916
1809173,87.360916
1809174,87.360916
1809175,87.360916
1809181,87.360916
1809182,87.360916
1809183,87.360916
1809184,87.360916
1809185,87.360916
1809191,87.360916
1809192,87.360916
1809193,87.360916
1809194,87.360916
1809195,87.360916
1809201,87.360916
1809202,87.360916
1809203,87.360916
1809204,87.360916
1809205,87.360916
1809211,87.360916
1809212,87.360916
1809213,87.360916
1809214,87.360916
1809215,87.360916
1809221,87.360916
1809222,87.360916
1809223,87.360916
1809224,87.360916
1809225,87.360916
1809231,87.360916
1809232,87.360916
1809233,87.360916
1809234,87.360916
1809235,87.360916
1809241,87.360916
1809242,87.360916
1809243,87.360916
1809244,87.360916
1809245,87.360916
1809251,87.360916
1809252,87.360916
1809253,87.360916
1809254,87.360916
1809255,87.360916
1809261,87.360916
1809262,87.360916
1809263,87.360916
1809264,87.360916
1809265,87.360916
1809271,87.360916
1809272,87.360916
1809273,87.360916
1809274,87.360916
1809275,87.360916
1809281,87.360916
1809282,87.360916
1809283,87.360916
1809284,87.360916
1809285,87.360916
1809291,87.360916
1809292,87.360916
1809293,87.360916
1809294,87.360916
1809295,87.360916
1809301,87.360916
1809302,87.360916
1809303,87.360916
1809304,87.360916
1809305,87.360916
1810011,87.360916
1810012,87.360916
1810013,87.360916
1810014,87.360916
1810015,87.360916
1810021,87.360916
1810022,87.360916
1810023,87.360916
1810024,87.360916
1810025,87.360916
1810031,87.360916
1810032,87.360916
1810033,87.360916
1810034,87.360916
1810035,87.360916
1810041,87.360916
1810042,87.360916
1810043,87.360916
1810044,87.360916
1810045,87.360916
1810051,87.360916
1810052,87.360916
1810053,87.360916
1810054,87.360916
1810055,87.360916
1810061,87.360916
1810062,87.360916
1810063,87.360916
1810064,87.360916
1810065,87.360916
1810071,87.360916
1810072,87.360916
1810073,87.360916
1810074,87.360916
1810075,87.360916
1810081,87.360916
1810082,87.360916
1810083,87.360916
1810084,87.360916
1810085,87.360916
1810091,87.360916
1810092,87.360916
1810093,87.360916
1810094,87.360916
1810095,87.360916
1810101,87.360916
1810102,87.360916
1810103,87.360916
1810104,87.360916
1810105,87.360916
1810111,87.360916
1810112,87.360916
1810113,87.360916
1810114,87.360916
1810115,87.360916
1810121,87.360916
1810122,87.360916
1810123,87.360916
1810124,87.360916
1810125,87.360916
1810131,87.360916
1810132,87.360916
1810133,87.360916
1810134,87.360916
1810135,87.360916
1810141,87.360916
1810142,87.360916
1810143,87.360916
1810144,87.360916
1810145,87.360916
1810151,87.360916
1810152,87.360916
1810153,87.360916
1810154,87.360916
1810155,87.360916
1810161,87.360916
1810162,87.360916
1810163,87.360916
1810164,87.360916
1810165,87.360916
1810171,87.360916
1810172,87.360916
1810173,87.360916
1810174,87.360916
1810175,87.360916
1810181,87.360916
1810182,87.360916
1810183,87.360916
1810184,87.360916
1810185,87.360916
1810191,87.360916
1810192,87.360916
1810193,87.360916
1810194,87.360916
1810195,87.360916
1810201,87.360916
1810202,87.360916
1810203,87.360916
1810204,87.360916
1810205,87.360916
1810211,87.360916
1810212,87.360916
1810213,87.360916
1810214,87.360916
1810215,87.360916
1810221,87.360916
1810222,87.360916
1810223,87.360916
1810224,87.360916
1810225,87.360916
1810231,87.360916
1810232,87.360916
1810233,87.360916
1810234,87.360916
1810235,87.360916
1810241,87.360916
1810242,87.360916
1810243,87.360916
1810244,87.360916
1810245,87.360916
1810251,87.360916
1810252,87.360916
1810253,87.360916
1810254,87.360916
1810255,87.360916
1810261,87.360916
1810262,87.360916
1810263,87.360916
1810264,87.360916
1810265,87.360916
1810271,87.360916
1810272,87.360916
1810273,87.360916
1810274,87.360916
1810275,87.360916
1810281,87.360916
1810282,87.360916
1810283,87.360916
1810284,87.360916
1810285,87.360916
1810291,87.360916
1810292,87.360916
1810293,87.360916
1810294,87.360916
1810295,87.360916
1810301,87.360916
1810302,87.360916
1810303,87.360916
1810304,87.360916
1810305,87.360916
1811011,87.360916
1811012,87.360916
1811013,87.360916
1811014,87.360916
1811015,87.360916
1811016,87.360916
1811021,87.360916
1811022,87.360916
1811023,87.360916
1811024,87.360916
1811025,87.360916
1811026,87.360916
1811031,87.360916
1811032,87.360916
1811033,87.360916
1811034,87.360916
1811035,87.360916
1811036,87.360916
1811041,87.360916
1811042,87.360916
1811043,87.360916
1811044,87.360916
1811045,87.360916
1811046,87.360916
1811051,87.360916
1811052,87.360916
1811053,87.360916
1811054,87.360916
1811055,87.360916
1811056,87.360916
1811061,87.360916
1811062,87.360916
1811063,87.360916
1811064,87.360916
1811065,87.360916
1811066,87.360916
1811071,87.360916
1811072,87.360916
1811073,87.360916
1811074,87.360916
1811075,87.360916
1811076,87.360916
1811081,87.360916
1811082,87.360916
1811083,87.360916
1811084,87.360916
1811085,87.360916
1811086,87.360916
1811091,87.360916
1811092,87.360916
1811093,87.360916
1811094,87.360916
1811095,87.360916
1811096,87.360916
1811101,87.360916
1811102,87.360916
1811103,87.360916
1811104,87.360916
1811105,87.360916
1811106,87.360916
1811111,87.360916
1811112,87.360916
1811113,87.360916
1811114,87.360916
1811115,87.360916
1811116,87.360916
1811121,87.360916
1811122,87.360916
1811123,87.360916
1811124,87.360916
1811125,87.360916
1811126,87.360916
1811131,87.360916
1811132,87.360916
1811133,87.360916
1811134,87.360916
1811135,87.360916
1811136,87.360916
1811141,87.360916
1811142,87.360916
1811143,87.360916
1811144,87.360916
1811145,87.360916
1811146,87.360916
1811151,87.360916
1811152,87.360916
1811153,87.360916
1811154,87.360916
1811155,87.360916
1811156,87.360916
1811161,87.360916
1811162,87.360916
1811163,87.360916
1811164,87.360916
1811165,87.360916
1811166,87.360916
1811171,87.360916
1811172,87.360916
1811173,87.360916
1811174,87.360916
1811175,87.360916
1811176,87.360916
1811181,87.360916
1811182,87.360916
1811183,87.360916
1811184,87.360916
1811185,87.360916
1811186,87.360916
1811191,87.360916
1811192,87.360916
1811193,87.360916
1811194,87.360916
1811195,87.360916
1811196,87.360916
1811201,87.360916
1811202,87.360916
1811203,87.360916
1811204,87.360916
1811205,87.360916
1811206,87.360916
1811211,87.360916
1811212,87.360916
1811213,87.360916
1811214,87.360916
1811215,87.360916
1811216,87.360916
1811221,87.360916
1811222,87.360916
1811223,87.360916
1811224,87.360916
1811225,87.360916
1811226,87.360916
1811231,87.360916
1811232,87.360916
1811233,87.360916
1811234,87.360916
1811235,87.360916
1811236,87.360916
1811241,87.360916
1811242,87.360916
1811243,87.360916
1811244,87.360916
1811245,87.360916
1811246,87.360916
1811251,87.360916
1811252,87.360916
1811253,87.360916
1811254,87.360916
1811255,87.360916
1811256,87.360916
1811261,87.360916
1811262,87.360916
1811263,87.360916
1811264,87.360916
1811265,87.360916
1811266,87.360916
1811271,87.360916
1811272,87.360916
1811273,87.360916
1811274,87.360916
1811275,87.360916
1811276,87.360916
1811281,87.360916
1811282,87.360916
1811283,87.360916
1811284,87.360916
1811285,87.360916
1811286,87.360916
1811291,87.360916
1811292,87.360916
1811293,87.360916
1811294,87.360916
1811295,87.360916
1811296,87.360916
1811301,87.360916
1811302,87.360916
1811303,87.360916
1811304,87.360916
1811305,87.360916
1811306,87.360916
1812011,87.360916
1812012,87.360916
1812013,87.360916
1812014,87.360916
1812015,87.360916
1812016,87.360916
1812021,87.360916
1812022,87.360916
1812023,87.360916
1812024,87.360916
1812025,87.360916
1812026,87.360916
1812031,87.360916
1812032,87.360916
1812033,87.360916
1812034,87.360916
1812035,87.360916
1812036,87.360916
1812041,87.360916
1812042,87.360916
1812043,87.360916
1812044,87.360916
1812045,87.360916
1812046,87.360916
1812051,87.360916
1812052,87.360916
1812053,87.360916
1812054,87.360916
1812055,87.360916
1812056,87.360916
1812061,87.360916
1812062,87.360916
1812063,87.360916
1812064,87.360916
1812065,87.360916
1812066,87.360916
1812071,87.360916
1812072,87.360916
1812073,87.360916
1812074,87.360916
1812075,87.360916
1812076,87.360916
1812081,87.360916
1812082,87.360916
1812083,87.360916
1812084,87.360916
1812085,87.360916
1812086,87.360916
1812091,87.360916
1812092,87.360916
1812093,87.360916
1812094,87.360916
1812095,87.360916
1812096,87.360916
1812101,87.360916
1812102,87.360916
1812103,87.360916
1812104,87.360916
1812105,87.360916
1812106,87.360916
1812111,87.360916
1812112,87.360916
1812113,87.360916
1812114,87.360916
1812115,87.360916
1812116,87.360916
1812121,87.360916
1812122,87.360916
1812123,87.360916
1812124,87.360916
1812125,87.360916
1812126,87.360916
1812131,87.360916
1812132,87.360916
1812133,87.360916
1812134,87.360916
1812135,87.360916
1812136,87.360916
1812141,87.360916
1812142,87.360916
1812143,87.360916
1812144,87.360916
1812145,87.360916
1812146,87.360916
1812151,87.360916
1812152,87.360916
1812153,87.360916
1812154,87.360916
1812155,87.360916
1812156,87.360916
1812161,87.360916
1812162,87.360916
1812163,87.360916
1812164,87.360916
1812165,87.360916
1812166,87.360916
1812171,87.360916
1812172,87.360916
1812173,87.360916
1812174,87.360916
1812175,87.360916
1812176,87.360916
1812181,87.360916
1812182,87.360916
1812183,87.360916
1812184,87.360916
1812185,87.360916
1812186,87.360916
1812191,87.360916
1812192,87.360916
1812193,87.360916
1812194,87.360916
1812195,87.360916
1812196,87.360916
1812201,87.360916
1812202,87.360916
1812203,87.360916
1812204,87.360916
1812205,87.360916
1812206,87.360916
1812211,87.360916
1812212,87.360916
1812213,87.360916
1812214,87.360916
1812215,87.360916
1812216,87.360916
1812221,87.360916
1812222,87.360916
1812223,87.360916
1812224,87.360916
1812225,87.360916
1812226,87.360916
1812231,87.360916
1812232,87.360916
1812233,87.360916
1812234,87.360916
1812235,87.360916
1812236,87.360916
1812241,87.360916
1812242,87.360916
1812243,87.360916
1812244,87.360916
1812245,87.360916
1812246,87.360916
1812271,87.360916
1812272,87.360916
1812273,87.360916
1812274,87.360916
1812275,87.360916
1812276,87.360916
1812281,87.360916
1812282,87.360916
1812283,87.360916
1812284,87.360916
1812285,87.360916
1812286,87.360916
1812291,87.360916
1812292,87.360916
1812293,87.360916
1812294,87.360916
1812295,87.360916
1812301,87.360916
1812302,87.360916
1812303,87.360916
1812304,87.360916
1812305,87.360916
1812311,87.360916
1812312,87.360916
1812313,87.360916
1812315,87.360916
1901021,87.360916
1901022,87.360916
1901023,87.360916
1901024,87.360916
1901025,87.360916
1901031,87.360916
1901032,87.360916
1901033,87.360916
1901034,87.360916
1901035,87.360916
1901041,87.360916
1901042,87.360916
1901043,87.360916
1901044,87.360916
1901045,87.360916
1901051,87.360916
1901052,87.360916
1901053,87.360916
1901054,87.360916
1901055,87.360916
1901061,87.360916
1901062,87.360916
1901063,87.360916
1901064,87.360916
1901065,87.360916
1901071,87.360916
1901072,87.360916
1901073,87.360916
1901074,87.360916
1901075,87.360916
1901081,87.360916
1901082,87.360916
1901083,87.360916
1901084,87.360916
1901085,87.360916
1901091,87.360916
1901092,87.360916
1901093,87.360916
1901094,87.360916
1901095,87.360916
1901101,87.360916
1901102,87.360916
1901103,87.360916
1901104,87.360916
1901105,87.360916
1901111,87.360916
1901112,87.360916
1901113,87.360916
1901114,87.360916
1901115,87.360916
1901121,87.360916
1901122,87.360916
1901123,87.360916
1901124,87.360916
1901125,87.360916
1901131,87.360916
1901132,87.360916
1901133,87.360916
1901134,87.360916
1901135,87.360916
1901141,87.360916
1901142,87.360916
1901143,87.360916
1901144,87.360916
1901145,87.360916
1901151,87.360916
1901152,87.360916
1901153,87.360916
1901154,87.360916
1901155,87.360916
1901161,87.360916
1901162,87.360916
1901163,87.360916
1901164,87.360916
1901165,87.360916
1901171,87.360916
1901172,87.360916
1901173,87.360916
1901174,87.360916
1901175,87.360916
1901181,87.360916
1901182,87.360916
1901183,87.360916
1901184,87.360916
1901185,87.360916
1901191,87.360916
1901192,87.360916
1901193,87.360916
1901194,87.360916
1901195,87.360916
1901201,87.360916
1901202,87.360916
1901203,87.360916
1901204,87.360916
1901205,87.360916
1901211,87.360916
1901212,87.360916
1901213,87.360916
1901214,87.360916
1901215,87.360916
1901221,87.360916
1901222,87.360916
1901223,87.360916
1901224,87.360916
1901225,87.360916
1901231,87.360916
1901232,87.360916
1901233,87.360916
1901234,87.360916
1901235,87.360916
1901241,87.360916
1901242,87.360916
1901243,87.360916
1901244,87.360916
1901245,87.360916
1901251,87.360916
1901252,87.360916
1901253,87.360916
1901254,87.360916
1901255,87.360916
1901261,87.360916
1901262,87.360916
1901263,87.360916
1901264,87.360916
1901265,87.360916
1901271,87.360916
1901272,87.360916
1901273,87.360916
1901274,87.360916
1901275,87.360916
1901281,87.360916
1901282,87.360916
1901283,87.360916
1901284,87.360916
1901285,87.360916
1901291,87.360916
1901292,87.360916
1901293,87.360916
1901294,87.360916
1901295,87.360916
1901301,87.360916
1901302,87.360916
1901303,87.360916
1901304,87.360916
1901305,87.360916
1901311,87.360916
1901312,87.360916
1901313,87.360916
1901314,87.360916
1901315,87.360916
1902011,87.360916
1902012,87.360916
1902013,87.360916
1902014,87.360916
1902015,87.360916
1902021,87.360916
1902022,87.360916
1902023,87.360916
1902024,87.360916
1902025,87.360916
1902031,87.360916
1902032,87.360916
1902033,87.360916
1902034,87.360916
1902035,87.360916
1902041,87.360916
1902042,87.360916
1902043,87.360916
1902044,87.360916
1902045,87.360916
1902051,87.360916
1902052,87.360916
1902053,87.360916
1902054,87.360916
1902055,87.360916
1902061,87.360916
1902062,87.360916
1902063,87.360916
1902064,87.360916
1902065,87.360916
1902071,87.360916
1902072,87.360916
1902073,87.360916
1902074,87.360916
1902075,87.360916
1902081,87.360916
1902082,87.360916
1902083,87.360916
1902084,87.360916
1902085,87.360916
1902091,87.360916
1902092,87.360916
1902093,87.360916
1902094,87.360916
1902095,87.360916
1902101,87.360916
1902102,87.360916
1902103,87.360916
1902104,87.360916
1902105,87.360916
1902111,87.360916
1902112,87.360916
1902113,87.360916
1902114,87.360916
1902115,87.360916
1902121,87.360916
1902122,87.360916
1902123,87.360916
1902124,87.360916
1902125,87.360916
1902131,87.360916
1902132,87.360916
1902133,87.360916
1902134,87.360916
1902135,87.360916
1902141,87.360916
1902142,87.360916
1902143,87.360916
1902144,87.360916
1902145,87.360916
1902151,87.360916
1902152,87.360916
1902153,87.360916
1902154,87.360916
1902155,87.360916
1902161,87.360916
1902162,87.360916
1902163,87.360916
1902164,87.360916
1902165,87.360916
1902171,87.360916
1902172,87.360916
1902173,87.360916
1902174,87.360916
1902175,87.360916
1902181,87.360916
1902182,87.360916
1902183,87.360916
1902184,87.360916
1902185,87.360916
1902191,87.360916
1902192,87.360916
1902193,87.360916
1902194,87.360916
1902195,87.360916
1902201,87.360916
1902202,87.360916
1902203,87.360916
1902204,87.360916
1902205,87.360916
1902211,87.360916
1902212,87.360916
1902213,87.360916
1902214,87.360916
1902215,87.360916
1902221,87.360916
1902222,87.360916
1902223,87.360916
1902224,87.360916
1902225,87.360916
1902231,87.360916
1902232,87.360916
1902233,87.360916
1902234,87.360916
1902235,87.360916
1902241,87.360916
1902242,87.360916
1902243,87.360916
1902244,87.360916
1902245,87.360916
1902251,87.360916
1902252,87.360916
1902253,87.360916
1902254,87.360916
1902255,87.360916
1902261,87.360916
1902262,87.360916
1902263,87.360916
1902264,87.360916
1902265,87.360916
1902271,87.360916
1902272,87.360916
1902273,87.360916
1902274,87.360916
1902275,87.360916
1902281,87.360916
1902282,87.360916
1902283,87.360916
1902284,87.360916
1902285,87.360916
1903011,87.360916
1903012,87.360916
1903013,87.360916
1903014,87.360916
1903015,87.360916
1903021,87.360916
1903022,87.360916
1903023,87.360916
1903024,87.360916
1903025,87.360916
1903031,87.360916
1903032,87.360916
1903033,87.360916
1903034,87.360916
1903035,87.360916
1903041,87.360916
1903042,87.360916
1903043,87.360916
1903044,87.360916
1903045,87.360916
1903051,87.360916
1903052,87.360916
1903053,87.360916
1903054,87.360916
1903055,87.360916
1903061,87.360916
1903062,87.360916
1903063,87.360916
1903064,87.360916
1903065,87.360916
1903071,87.360916
1903072,87.360916
1903073,87.360916
1903074,87.360916
1903075,87.360916
1903081,87.360916
1903082,87.360916
1903083,87.360916
1903084,87.360916
1903085,87.360916
1903091,87.360916
1903092,87.360916
1903093,87.360916
1903094,87.360916
1903095,87.360916
1903101,87.360916
1903102,87.360916
1903103,87.360916
1903104,87.360916
1903105,87.360916
1903111,87.360916
1903112,87.360916
1903113,87.360916
1903114,87.360916
1903115,87.360916
1903121,87.360916
1903122,87.360916
1903123,87.360916
1903124,87.360916
1903125,87.360916
1903131,87.360916
1903132,87.360916
1903133,87.360916
1903134,87.360916
1903135,87.360916
1903141,87.360916
1903142,87.360916
1903143,87.360916
1903144,87.360916
1903145,87.360916
1903151,87.360916
1903152,87.360916
1903153,87.360916
1903154,87.360916
1903155,87.360916
1903161,87.360916
1903162,87.360916
1903163,87.360916
1903164,87.360916
1903165,87.360916
1903171,87.360916
1903172,87.360916
1903173,87.360916
1903174,87.360916
1903175,87.360916
1903181,87.360916
1903182,87.360916
1903183,87.360916
1903184,87.360916
1903185,87.360916
1903191,87.360916
1903192,87.360916
1903193,87.360916
1903194,87.360916
1903195,87.360916
1903211,87.360916
1903212,87.360916
1903213,87.360916
1903214,87.360916
1903215,87.360916
1903221,87.360916
1903222,87.360916
1903223,87.360916
1903224,87.360916
1903225,87.360916
1903231,87.360916
1903232,87.360916
1903233,87.360916
1903234,87.360916
1903235,87.360916
1903241,87.360916
1903242,87.360916
1903243,87.360916
1903244,87.360916
1903245,87.360916
1903251,87.360916
1903252,87.360916
1903253,87.360916
1903254,87.360916
1903255,87.360916
1903261,87.360916
1903262,87.360916
1903263,87.360916
1903264,87.360916
1903265,87.360916
1903271,87.360916
1903272,87.360916
1903273,87.360916
1903274,87.360916
1903275,87.360916
1903281,87.360916
1903282,87.360916
1903283,87.360916
1903284,87.360916
1903285,87.360916
1903291,87.360916
1903292,87.360916
1903293,87.360916
1903294,87.360916
1903295,87.360916
1903301,87.360916
1903302,87.360916
1903303,87.360916
1903304,87.360916
1903305,87.360916
1903311,87.360916
1903312,87.360916
1903313,87.360916
1903314,87.360916
1903315,87.360916
1904011,87.360916
1904012,87.360916
1904013,87.360916
1904014,87.360916
1904015,87.360916
1904021,87.360916
1904022,87.360916
1904023,87.360916
1904024,87.360916
1904025,87.360916
1904041,87.360916
1904042,87.360916
1904043,87.360916
1904044,87.360916
1904045,87.360916
1904051,87.360916
1904052,87.360916
1904053,87.360916
1904054,87.360916
1904055,87.360916
1904061,87.360916
1904062,87.360916
1904063,87.360916
1904064,87.360916
1904065,87.360916
1904071,87.360916
1904072,87.360916
1904073,87.360916
1904074,87.360916
1904075,87.360916
1904081,87.360916
1904082,87.360916
1904083,87.360916
1904084,87.360916
1904085,87.360916
1904091,87.360916
1904092,87.360916
1904093,87.360916
1904094,87.360916
1904095,87.360916
1904101,87.360916
1904102,87.360916
1904103,87.360916
1904104,87.360916
1904105,87.360916
1904111,87.360916
1904112,87.360916
1904113,87.360916
1904114,87.360916
1904115,87.360916
1904121,87.360916
1904122,87.360916
1904123,87.360916
1904124,87.360916
1904125,87.360916
1904131,87.360916
1904132,87.360916
1904133,87.360916
1904134,87.360916
1904135,87.360916
1904141,87.360916
1904142,87.360916
1904143,87.360916
1904144,87.360916
1904145,87.360916
1904151,87.360916
1904152,87.360916
1904153,87.360916
1904154,87.360916
1904155,87.360916
1904161,87.360916
1904162,87.360916
1904163,87.360916
1904164,87.360916
1904165,87.360916
1904171,87.360916
1904172,87.360916
1904173,87.360916
1904174,87.360916
1904175,87.360916
1904181,87.360916
1904182,87.360916
1904183,87.360916
1904184,87.360916
1904185,87.360916
1904201,87.360916
1904202,87.360916
1904203,87.360916
1904204,87.360916
1904205,87.360916
1904211,87.360916
1904212,87.360916
1904213,87.360916
1904214,87.360916
1904215,87.360916
1904221,87.360916
1904222,87.360916
1904223,87.360916
1904224,87.360916
1904225,87.360916
1904231,87.360916
1904232,87.360916
1904233,87.360916
1904234,87.360916
1904235,87.360916
1904241,87.360916
1904242,87.360916
1904243,87.360916
1904244,87.360916
1904245,87.360916
1904251,87.360916
1904252,87.360916
1904253,87.360916
1904254,87.360916
1904255,87.360916
1904261,87.360916
1904262,87.360916
1904263,87.360916
1904264,87.360916
1904265,87.360916
1904271,87.360916
1904272,87.360916
1904273,87.360916
1904274,87.360916
1904275,87.360916
1904281,87.360916
1904282,87.360916
1904283,87.360916
1904284,87.360916
1904285,87.360916
1904291,87.360916
1904292,87.360916
1904293,87.360916
1904294,87.360916
1904295,87.360916
1904301,87.360916
1904302,87.360916
1904303,87.360916
1904304,87.360916
1904305,87.360916
1905021,87.360916
1905022,87.360916
1905023,87.360916
1905024,87.360916
1905025,87.360916
1905031,87.360916
1905032,87.360916
1905033,87.360916
1905034,87.360916
1905035,87.360916
1905041,87.360916
1905042,87.360916
1905043,87.360916
1905044,87.360916
1905045,87.360916
1905051,87.360916
1905052,87.360916
1905053,87.360916
1905054,87.360916
1905055,87.360916
1905061,87.360916
1905062,87.360916
1905063,87.360916
1905064,87.360916
1905065,87.360916
1905071,87.360916
1905072,87.360916
1905073,87.360916
1905074,87.360916
1905075,87.360916
1905081,87.360916
1905082,87.360916
1905083,87.360916
1905084,87.360916
1905085,87.360916
1905091,87.360916
1905092,87.360916
1905093,87.360916
1905094,87.360916
1905095,87.360916
1905101,87.360916
1905102,87.360916
1905103,87.360916
1905104,87.360916
1905105,87.360916
1905111,87.360916
1905112,87.360916
1905113,87.360916
1905114,87.360916
1905115,87.360916
1905121,87.360916
1905122,87.360916
1905123,87.360916
1905124,87.360916
1905125,87.360916
1905131,87.360916
1905132,87.360916
1905133,87.360916
1905134,87.360916
1905135,87.360916
1905141,87.360916
1905142,87.360916
1905143,87.360916
1905144,87.360916
1905145,87.360916
1905151,87.360916
1905152,87.360916
1905153,87.360916
1905154,87.360916
1905155,87.360916
1905161,87.360916
1905162,87.360916
1905163,87.360916
1905164,87.360916
1905165,87.360916
1905171,87.360916
1905172,87.360916
1905173,87.360916
1905174,87.360916
1905175,87.360916
1905181,87.360916
1905182,87.360916
1905183,87.360916
1905184,87.360916
1905185,87.360916
1905191,87.360916
1905192,87.360916
1905193,87.360916
1905194,87.360916
1905195,87.360916
1905201,87.360916
1905202,87.360916
1905203,87.360916
1905204,87.360916
1905205,87.360916
1905211,87.360916
1905212,87.360916
1905213,87.360916
1905214,87.360916
1905215,87.360916
1905221,87.360916
1905222,87.360916
1905223,87.360916
1905224,87.360916
1905225,87.360916
1905231,87.360916
1905232,87.360916
1905233,87.360916
1905234,87.360916
1905235,87.360916
1905241,87.360916
1905242,87.360916
1905243,87.360916
1905244,87.360916
1905245,87.360916
1905251,87.360916
1905252,87.360916
1905253,87.360916
1905254,87.360916
1905255,87.360916
1905261,87.360916
1905262,87.360916
1905263,87.360916
1905264,87.360916
1905265,87.360916
1905271,87.360916
1905272,87.360916
1905273,87.360916
1905274,87.360916
1905275,87.360916
1905281,87.360916
1905282,87.360916
1905283,87.360916
1905284,87.360916
1905285,87.360916
1905291,87.360916
1905292,87.360916
1905293,87.360916
1905294,87.360916
1905295,87.360916
1905301,87.360916
1905302,87.360916
1905303,87.360916
1905304,87.360916
1905305,87.360916
1905311,87.360916
1905312,87.360916
1905313,87.360916
1905314,87.360916
1905315,87.360916
1906011,87.360916
1906012,87.360916
1906013,87.360916
1906014,87.360916
1906015,87.360916
1906021,87.360916
1906022,87.360916
1906023,87.360916
1906024,87.360916
1906025,87.360916
1906031,87.360916
1906032,87.360916
1906033,87.360916
1906034,87.360916
1906035,87.360916
1906041,87.360916
1906042,87.360916
1906043,87.360916
1906044,87.360916
1906045,87.360916
1906051,87.360916
1906052,87.360916
1906053,87.360916
1906054,87.360916
1906055,87.360916
1906061,87.360916
1906062,87.360916
1906063,87.360916
1906064,87.360916
1906065,87.360916
1906071,87.360916
1906072,87.360916
1906073,87.360916
1906074,87.360916
1906075,87.360916
1906081,87.360916
1906082,87.360916
1906083,87.360916
1906084,87.360916
1906085,87.360916
1906091,87.360916
1906092,87.360916
1906093,87.360916
1906094,87.360916
1906095,87.360916
1906101,87.360916
1906102,87.360916
1906103,87.360916
1906104,87.360916
1906105,87.360916
1906111,87.360916
1906112,87.360916
1906113,87.360916
1906114,87.360916
1906115,87.360916
1906121,87.360916
1906122,87.360916
1906123,87.360916
1906124,87.360916
1906125,87.360916
1906131,87.360916
1906132,87.360916
1906133,87.360916
1906134,87.360916
1906135,87.360916
1906141,87.360916
1906142,87.360916
1906143,87.360916
1906144,87.360916
1906145,87.360916
1906151,87.360916
1906152,87.360916
1906153,87.360916
1906154,87.360916
1906155,87.360916
1906161,87.360916
1906162,87.360916
1906163,87.360916
1906164,87.360916
1906165,87.360916
1906171,87.360916
1906172,87.360916
1906173,87.360916
1906174,87.360916
1906175,87.360916
1906181,87.360916
1906182,87.360916
1906183,87.360916
1906184,87.360916
1906185,87.360916
1906191,87.360916
1906192,87.360916
1906193,87.360916
1906194,87.360916
1906195,87.360916
1906201,87.360916
1906202,87.360916
1906203,87.360916
1906204,87.360916
1906205,87.360916
1906211,87.360916
1906212,87.360916
1906213,87.360916
1906214,87.360916
1906215,87.360916
1906221,87.360916
1906222,87.360916
1906223,87.360916
1906224,87.360916
1906225,87.360916
1906231,87.360916
1906232,87.360916
1906233,87.360916
1906234,87.360916
1906235,87.360916
1906241,87.360916
1906242,87.360916
1906243,87.360916
1906244,87.360916
1906245,87.360916
1906251,87.360916
1906252,87.360916
1906253,87.360916
1906254,87.360916
1906255,87.360916
1906261,87.360916
1906262,87.360916
1906263,87.360916
1906264,87.360916
1906265,87.360916
1906271,87.360916
1906272,87.360916
1906273,87.360916
1906274,87.360916
1906275,87.360916
1906281,87.360916
1906282,87.360916
1906283,87.360916
1906284,87.360916
1906285,87.360916
1906291,87.360916
1906292,87.360916
1906293,87.360916
1906294,87.360916
1906295,87.360916
1906301,87.360916
1906302,87.360916
1906303,87.360916
1906304,87.360916
1906305,87.360916
1907011,87.360916
1907012,87.360916
1907013,87.360916
1907014,87.360916
1907015,87.360916
1907021,87.360916
1907022,87.360916
1907023,87.360916
1907024,87.360916
1907025,87.360916
1907031,87.360916
1907032,87.360916
1907033,87.360916
1907034,87.360916
1907035,87.360916
1907041,87.360916
1907042,87.360916
1907043,87.360916
1907044,87.360916
1907045,87.360916
1907051,87.360916
1907052,87.360916
1907053,87.360916
1907054,87.360916
1907055,87.360916
1907061,87.360916
1907062,87.360916
1907063,87.360916
1907064,87.360916
1907065,87.360916
1907071,87.360916
1907072,87.360916
1907073,87.360916
1907074,87.360916
1907075,87.360916
1907081,87.360916
1907082,87.360916
1907083,87.360916
1907084,87.360916
1907085,87.360916
1907091,87.360916
1907092,87.360916
1907093,87.360916
1907094,87.360916
1907095,87.360916
1907111,87.360916
1907112,87.360916
1907113,87.360916
1907114,87.360916
1907115,87.360916
1907121,87.360916
1907122,87.360916
1907123,87.360916
1907124,87.360916
1907125,87.360916
1907131,87.360916
1907132,87.360916
1907133,87.360916
1907134,87.360916
1907135,87.360916
1907141,87.360916
1907142,87.360916
1907143,87.360916
1907144,87.360916
1907145,87.360916
1907151,87.360916
1907152,87.360916
1907153,87.360916
1907154,87.360916
1907155,87.360916
1907161,87.360916
1907162,87.360916
1907163,87.360916
1907164,87.360916
1907165,87.360916
1907171,87.360916
1907172,87.360916
1907173,87.360916
1907174,87.360916
1907175,87.360916
1907181,87.360916
1907182,87.360916
1907183,87.360916
1907184,87.360916
1907185,87.360916
1907191,87.360916
1907192,87.360916
1907193,87.360916
1907194,87.360916
1907195,87.360916
1907201,87.360916
1907202,87.360916
1907203,87.360916
1907204,87.360916
1907205,87.360916
1907211,87.360916
1907212,87.360916
1907213,87.360916
1907214,87.360916
1907215,87.360916
1907221,87.360916
1907222,87.360916
1907223,87.360916
1907224,87.360916
1907225,87.360916
1907231,87.360916
1907232,87.360916
1907233,87.360916
1907234,87.360916
1907235,87.360916
1907241,87.360916
1907242,87.360916
1907243,87.360916
1907244,87.360916
1907245,87.360916
1907251,87.360916
1907252,87.360916
1907253,87.360916
1907254,87.360916
1907255,87.360916
1907261,87.360916
1907262,87.360916
1907263,87.360916
1907264,87.360916
1907265,87.360916
1907271,87.360916
1907272,87.360916
1907273,87.360916
1907274,87.360916
1907275,87.360916
1907281,87.360916
1907282,87.360916
1907283,87.360916
1907284,87.360916
1907285,87.360916
1907291,87.360916
1907292,87.360916
1907293,87.360916
1907294,87.360916
1907295,87.360916
1907301,87.360916
1907302,87.360916
1907303,87.360916
1907304,87.360916
1907305,87.360916
