Date,Temperature,Wind Speed,Cloud Cover,Precipitation
2013-05-01,5.9,2.9,0.0,0.0
2013-05-02,8.3,4.0,0.4125,0.0
2013-05-03,9.8,2.9,0.0,0.0
2013-05-04,12.9,4.1,0.0875,0.0
2013-05-05,12.0,3.0,0.2875,0.0
2013-05-06,13.1,2.5,0.0625,0.0
2013-05-07,13.7,3.6,0.35,6.8
2013-05-08,15.7,2.7,0.6875,8.1
2013-05-09,14.5,3.3,0.8,0.1
2013-05-10,12.6,3.5,0.7,0.0
2013-05-11,12.3,3.1,0.825,0.7
2013-05-12,10.2,3.5,0.6625,0.0
2013-05-13,9.8,3.5,0.9125,4.8
2013-05-14,10.5,3.0,0.85,0.1
2013-05-15,15.4,3.2,0.75,18.6
2013-05-16,14.3,4.0,0.55,0.0
2013-05-17,18.6,3.3,0.425,0.3
2013-05-18,13.3,3.9,0.925,2.8
2013-05-19,12.0,2.4,0.9875,0.6
2013-05-20,14.2,1.8,0.975,2.5
2013-05-21,12.4,3.4,0.95,61.6
2013-05-22,8.7,7.6,0.85,13.1
2013-05-23,8.1,2.8,0.6875,1.1
2013-05-24,10.4,2.9,0.65,0.8
2013-05-25,10.4,3.7,0.925,9.7
2013-05-26,13.2,4.8,0.9125,7.0
2013-05-27,12.9,2.7,0.6625,0.0
2013-05-28,12.7,3.8,0.8625,1.1
2013-05-29,12.7,4.5,0.8125,3.3
2013-05-30,14.4,3.7,0.5375,0.0
2013-05-31,16.0,4.4,0.325,0.0
2013-06-01,16.3,4.2,0.6125,0.0
2013-06-02,12.3,6.5,0.4125,0.0
2013-06-03,13.2,4.7,0.0375,0.0
2013-06-04,14.3,4.3,0.1375,0.0
2013-06-05,15.2,2.2,0.3125,0.0
2013-06-06,17.0,2.7,0.0,0.0
2013-06-07,15.4,2.1,0.0,0.0
2013-06-08,13.5,3.3,0.15,0.0
2013-06-09,12.6,2.8,0.475,0.0
2013-06-10,13.8,2.6,0.35,0.0
2013-06-11,13.5,3.4,0.475,0.0
2013-06-12,17.4,2.2,0.4625,7.3
2013-06-14,14.5,5.1,0.65,0.0
2013-06-15,14.5,3.2,0.4125,5.5
2013-06-16,13.6,4.6,0.6875,0.1
2013-06-17,14.7,2.4,0.3625,0.3
2013-06-18,17.6,3.3,0.25,0.0
2013-06-19,20.9,3.0,0.85,
2013-06-21,18.1,3.9,0.875,3.0
2013-06-22,17.5,4.0,0.8875,5.2
2013-06-23,15.9,3.6,0.85,1.8
2013-06-24,14.8,3.6,0.8875,1.6
2013-06-25,13.9,4.5,0.975,0.5
2013-06-26,12.5,6.6,0.9375,0.4
2013-06-27,11.6,3.7,0.9625,5.2
2013-06-28,11.8,3.7,0.95,9.8
2013-06-29,13.1,4.3,0.7125,1.5
2013-06-30,12.6,4.3,0.6875,1.3
2013-07-01,15.6,3.5,0.6875,0.3
2013-07-02,15.1,2.7,0.6,0.1
2013-07-03,18.0,2.3,0.8875,10.2
2013-07-04,17.2,2.2,0.9,0.0
2013-07-05,16.9,3.7,0.5125,0.0
2013-07-06,15.3,2.4,0.0,0.0
2013-07-07,17.2,2.1,0.0375,0.0
2013-07-08,18.4,2.4,0.0375,0.0
2013-07-09,18.6,2.8,0.0375,0.0
2013-07-10,16.8,4.7,0.4,0.0
2013-07-11,16.7,3.9,0.0125,0.0
2013-07-12,16.0,3.2,0.0375,0.0
2013-07-13,16.1,4.3,0.3375,0.0
2013-07-14,15.7,5.6,0.725,0.0
2013-07-15,15.9,4.1,0.4875,0.0
2013-07-16,17.8,3.5,0.45,0.0
2013-07-17,18.7,2.9,0.425,0.0
2013-07-18,18.9,3.5,0.1125,0.0
2013-07-19,18.9,5.6,0.5,0.0
2013-07-20,18.9,2.3,0.0,0.0
2013-07-21,20.6,1.9,0.0,0.0
2013-07-22,21.0,2.0,0.0,0.0
2013-07-23,20.5,3.4,0.0,0.0
2013-07-24,20.6,3.4,0.3125,2.1
2013-07-25,20.6,2.1,0.5375,0.1
2013-07-26,23.2,1.6,0.5,0.0
2013-07-27,22.3,2.7,0.425,24.4
2013-07-28,21.7,3.4,0.5,0.0
2013-07-29,19.6,2.4,0.4375,0.5
2013-07-30,18.8,3.8,0.775,19.9
2013-07-31,17.9,4.0,0.55,0.4
2013-08-01,20.6,2.2,0.625,0.0
2013-08-02,26.1,2.2,0.025,0.0
2013-08-03,22.0,3.3,0.225,2.3
2013-08-04,19.1,2.0,0.1875,0.0
2013-08-05,21.6,2.6,0.0875,0.0
2013-08-06,20.7,4.2,0.475,0.0
2013-08-07,17.3,3.5,0.5,13.4
2013-08-08,17.5,3.9,0.975,0.0
2013-08-09,17.3,2.5,0.4125,0.2
2013-08-10,17.6,3.3,0.9125,1.2
2013-08-11,15.4,3.2,0.6875,11.1
2013-08-12,14.6,3.2,0.725,2.9
2013-08-13,14.4,4.4,0.3375,5.2
2013-08-14,15.3,5.0,0.25,0.0
2013-08-15,16.4,2.4,0.475,0.1
2013-08-16,19.6,3.2,0.775,8.2
2013-08-17,18.7,2.2,0.825,0.2
2013-08-18,18.1,3.1,0.7875,1.0
2013-08-19,16.0,2.2,0.3125,0.0
2013-08-20,15.3,2.7,0.55,0.0
2013-08-21,16.7,2.0,0.525,0.0
2013-08-22,18.6,1.9,0.6,0.0
2013-08-23,18.8,3.5,0.1125,0.0
2013-08-24,18.1,5.1,0.0,0.0
2013-08-25,18.8,5.8,0.075,0.0
2013-08-26,17.9,5.7,0.025,0.0
2013-08-27,17.7,2.9,0.1125,0.0
2013-08-28,17.3,2.1,0.2375,0.0
2013-08-29,16.2,2.5,0.2375,0.0
2013-08-30,17.3,2.4,0.85,0.0
2013-08-31,16.4,4.2,0.725,1.6
2013-09-01,13.7,4.5,0.7375,8.3
2013-09-02,15.5,6.3,0.9625,4.8
2013-09-03,16.7,4.1,0.9125,0.0
2013-09-04,15.5,1.6,0.8,0.0
2013-09-05,18.8,2.6,0.2625,0.0
2013-09-06,21.0,3.3,0.0,0.0
2013-09-07,20.0,2.1,0.45,0.0
2013-09-08,17.3,3.1,0.575,0.8
2013-09-09,12.0,2.7,0.85,17.2
2013-09-10,11.9,2.1,0.5125,1.8
2013-09-11,12.6,2.1,0.8625,0.1
2013-09-12,13.9,1.4,0.8125,0.2
2013-09-13,15.0,1.6,0.875,0.0
2013-09-14,15.3,2.3,0.55,6.0
2013-09-15,13.7,3.7,0.8,6.7
2013-09-16,11.4,4.2,0.5375,1.9
2013-09-17,10.1,3.9,0.4625,3.7
2013-09-18,10.8,2.1,0.6875,0.0
2013-09-19,11.4,2.6,0.575,1.3
2013-09-20,11.7,1.8,0.95,0.0
2013-09-21,13.0,2.5,0.7625,0.0
2013-09-22,15.6,4.9,0.9,0.1
2013-09-23,15.9,6.0,0.9625,0.0
2013-09-24,13.9,3.6,0.75,0.0
2013-09-25,11.1,2.3,0.85,16.7
2013-09-26,10.3,3.8,0.4,1.0
2013-09-27,9.9,2.6,0.5,0.7
2013-09-28,9.3,2.6,0.05,0.0
2013-09-29,11.4,3.7,0.2125,0.0
2013-09-30,10.9,4.3,0.2375,0.0
2013-10-01,10.8,3.8,0.2,0.0
2013-10-02,10.1,3.3,0.05,0.0
2013-10-03,9.1,4.3,0.0,0.0
2013-10-04,9.6,4.0,0.325,1.3
2013-10-05,13.5,2.4,0.85,0.0
2013-10-06,12.3,2.0,0.625,0.0
2013-10-07,12.7,2.2,0.225,0.0
2013-10-08,13.1,1.9,0.9,0.0
2013-10-09,13.4,3.4,0.9625,0.8
2013-10-10,9.9,2.4,0.7875,0.4
2013-10-11,13.4,9.2,0.9625,0.0
2013-10-12,13.0,9.2,1.0,9.8
2013-10-13,10.0,2.0,0.55,0.0
2013-10-14,9.5,2.0,0.4125,0.1
2013-10-15,9.8,2.4,0.825,10.7
2013-10-16,11.5,3.3,0.9875,0.6
2013-10-17,11.2,4.8,0.975,7.0
2013-10-18,7.8,3.4,0.3375,0.0
2013-10-19,8.2,2.7,0.925,4.7
2013-10-20,13.9,2.8,0.8125,7.6
2013-10-21,13.5,3.0,0.95,0.2
2013-10-22,15.8,2.9,0.1875,0.1
2013-10-23,16.3,4.1,0.725,0.3
2013-10-24,11.6,3.9,0.5125,0.1
2013-10-25,10.7,2.7,0.625,0.9
2013-10-26,15.3,3.8,0.4875,0.3
2013-10-27,14.1,5.4,0.625,1.9
2013-10-28,13.0,7.6,0.925,13.5
2013-10-29,10.2,5.4,0.85,5.5
2013-10-30,8.9,4.0,0.6625,1.3
2013-10-31,9.1,4.8,0.575,5.8
2013-11-01,10.2,3.8,0.9875,2.3
2013-11-02,9.1,1.9,1.0,8.2
2013-11-03,9.7,5.3,0.8625,0.3
2013-11-04,6.5,3.7,0.7875,6.5
2013-11-05,7.7,3.6,0.625,2.2
2013-11-06,6.8,3.0,0.8,4.3
2013-11-07,8.2,2.6,0.675,0.5
2013-11-08,7.7,2.6,0.2375,2.6
2013-11-09,7.7,5.2,0.825,11.7
2013-11-10,5.7,4.0,0.625,0.2
2013-11-11,5.9,3.0,0.3875,0.0
2013-11-12,6.7,4.1,0.9625,1.7
2013-11-13,6.7,3.2,0.1375,0.0
2013-11-14,6.2,3.2,0.775,0.0
2013-11-15,6.2,2.3,0.9875,0.0
2013-11-16,8.1,4.6,0.975,0.0
2013-11-17,7.7,2.4,0.4875,0.0
2013-11-18,6.2,2.1,0.9375,0.1
2013-11-19,5.3,3.3,0.9,0.1
2013-11-20,2.0,2.0,0.4125,0.0
2013-11-21,1.4,2.5,0.4375,1.2
2013-11-22,5.4,4.7,0.9875,0.0
2013-11-23,4.6,2.8,0.6875,0.2
2013-11-24,3.4,4.5,0.325,0.0
2013-11-25,0.3,3.3,0.1,0.0
2013-11-26,0.8,2.4,0.275,0.8
2013-11-27,6.7,4.9,0.9625,0.6
2013-11-28,7.7,6.7,0.5375,0.0
2013-11-29,5.6,4.3,0.8625,10.6
2013-11-30,5.4,4.7,0.85,0.1
2013-12-01,6.8,6.2,0.575,0.1
2013-12-02,1.0,1.7,0.125,0.0
2013-12-03,1.5,2.8,1.0,0.0
2013-12-04,4.9,4.1,0.725,1.9
2013-12-05,4.1,8.7,0.8125,10.2
2013-12-06,1.7,11.5,0.575,2.1
2013-12-07,0.8,4.7,0.75,1.6
2013-12-08,5.5,5.2,0.975,12.0
2013-12-09,9.0,4.6,0.975,0.1
2013-12-10,7.1,3.2,0.9375,0.0
2013-12-11,4.4,3.0,1.0,0.0
2013-12-12,2.2,3.6,0.9625,0.4
2013-12-13,3.1,2.9,0.9125,3.6
2013-12-14,3.2,3.5,0.7375,0.4
2013-12-15,6.9,5.0,0.975,1.7
2013-12-16,8.8,5.1,0.8875,1.5
2013-12-17,5.6,2.6,0.8875,0.2
2013-12-18,5.6,2.7,0.8625,0.0
2013-12-19,6.4,3.9,0.6625,5.9
2013-12-20,4.6,4.1,0.7625,0.0
2013-12-21,6.3,5.8,0.975,3.3
2013-12-22,7.3,6.1,0.9,1.7
2013-12-23,6.1,5.2,0.5375,0.8
2013-12-24,11.0,7.5,0.95,7.5
2013-12-25,7.5,3.4,0.65,0.3
2013-12-26,3.1,1.4,0.625,2.1
2013-12-27,5.7,5.2,0.8125,5.0
2013-12-28,6.8,3.5,0.675,0.2
2013-12-29,5.3,3.9,0.9625,5.5
2013-12-30,4.5,5.0,0.65,0.1
2013-12-31,4.6,3.6,0.325,0.0
2014-01-01,3.6,3.5,0.5875,0.6
2014-01-02,5.9,4.0,0.925,1.0
2014-01-03,6.7,4.1,0.75,2.7
2014-01-04,6.4,4.2,0.4375,0.0
2014-01-05,5.0,3.2,0.5625,0.7
2014-01-06,6.7,4.8,0.775,10.4
2014-01-07,9.5,5.1,0.825,0.8
2014-01-08,8.5,5.3,0.85,2.4
2014-01-09,7.9,6.0,0.9375,9.9
2014-01-10,6.4,6.7,0.875,3.5
2014-01-11,5.4,5.1,0.8125,5.3
2014-01-12,4.2,5.2,0.3875,0.0
2014-01-13,3.3,3.2,0.85,1.7
2014-01-14,3.2,1.9,0.7,0.0
2014-01-15,3.1,2.7,0.9875,3.0
2014-01-16,2.8,3.9,1.0,10.0
2014-01-17,5.8,1.9,0.95,1.9
2014-01-18,5.6,3.0,0.85,0.2
2014-01-19,2.8,8.0,1.0,0.0
2014-01-20,0.3,6.2,1.0,0.2
2014-01-21,-0.5,3.3,0.975,1.8
2014-01-22,-2.6,5.5,1.0,0.0
2014-01-23,-3.1,5.2,1.0,0.0
2014-01-24,-5.0,5.6,0.4375,0.0
2014-01-25,-7.4,3.9,0.425,0.0
2014-01-26,-8.8,5.1,0.5125,1.1
2014-01-27,-2.1,3.7,0.8125,0.4
2014-01-28,-0.9,4.0,0.9875,0.0
2014-01-29,-4.7,5.6,0.9875,0.7
2014-01-30,-4.5,3.6,0.8625,0.7
2014-01-31,-3.6,3.5,0.9,0.0
2014-02-01,2.3,3.9,0.85,1.4
2014-02-02,4.1,3.0,0.0875,0.0
2014-02-03,1.7,2.6,0.3625,0.0
2014-02-04,2.5,2.3,0.65,0.0
2014-02-05,2.1,2.5,0.275,0.1
2014-02-06,6.2,4.1,0.8125,2.5
2014-02-07,6.4,5.3,0.9125,7.2
2014-02-08,5.6,4.6,0.85,1.1
2014-02-09,5.8,5.7,0.7875,8.0
2014-02-10,5.1,3.0,0.575,0.1
2014-02-11,4.0,3.4,0.8375,0.3
2014-02-12,5.0,4.3,0.6625,2.2
2014-02-13,5.8,4.3,0.8,4.4
2014-02-14,4.1,3.5,0.55,0.7
2014-02-15,9.0,6.2,0.75,4.3
2014-02-16,5.6,6.8,0.825,7.9
2014-02-17,4.5,3.3,0.15,0.0
2014-02-18,5.7,2.7,0.75,0.1
2014-02-19,5.7,2.8,0.9625,1.6
2014-02-20,7.6,3.8,0.925,4.7
2014-02-21,7.0,3.7,0.8625,1.5
2014-02-22,5.1,4.3,0.6625,0.3
2014-02-23,6.7,4.5,0.3125,0.0
2014-02-24,7.2,3.8,0.0375,0.0
2014-02-25,8.0,2.7,0.1875,0.0
2014-02-26,8.5,2.0,0.725,0.0
2014-02-27,6.1,2.2,0.125,0.0
2014-02-28,4.2,1.5,0.7,0.0
2014-03-01,3.4,1.9,0.65,0.1
2014-03-02,5.3,2.4,0.6,0.0
2014-03-03,6.4,3.0,0.3,0.0
2014-03-04,5.2,1.6,0.925,0.1
2014-03-05,4.0,2.0,0.9375,0.0
2014-03-06,6.6,2.9,0.725,0.0
2014-03-07,8.7,4.3,0.8375,0.1
2014-03-08,6.8,2.7,0.0,0.0
2014-03-09,12.2,3.4,0.0,0.0
2014-03-10,11.1,3.3,0.025,0.0
2014-03-11,5.1,3.0,0.0,0.0
2014-03-12,5.0,1.3,0.0,0.0
2014-03-13,7.0,2.4,0.0,0.0
2014-03-14,7.2,4.6,0.5375,5.1
2014-03-15,7.7,10.3,0.7625,1.7
2014-03-16,8.6,9.8,0.9625,0.8
2014-03-17,8.8,7.0,0.975,0.0
2014-03-18,8.4,5.3,0.975,1.9
2014-03-19,8.2,5.8,0.7875,0.2
2014-03-20,13.1,5.4,0.0,0.8
2014-03-21,7.5,4.4,0.75,10.4
2014-03-22,6.0,3.3,0.625,2.5
2014-03-23,5.8,3.4,0.3875,0.0
2014-03-24,4.5,2.1,0.3625,0.0
2014-03-25,4.2,3.2,0.3125,2.4
2014-03-26,5.3,4.1,0.6625,0.2
2014-03-27,4.2,5.1,0.6375,0.0
2014-03-28,5.2,4.6,0.9875,0.0
2014-03-29,7.0,2.9,0.6125,0.0
2014-03-30,7.1,2.1,0.375,0.0
2014-03-31,5.5,1.3,0.7,0.0
2014-04-01,5.3,4.1,0.95,0.0
2014-04-02,8.0,2.7,0.1375,0.0
2014-04-03,6.0,5.5,0.4375,0.0
2014-04-04,5.5,5.8,0.6125,25.7
2014-04-05,8.3,2.0,0.9625,1.2
2014-04-06,11.2,3.1,0.975,11.6
2014-04-07,14.5,3.4,0.875,0.4
2014-04-08,10.6,5.1,0.975,10.4
2014-04-09,8.5,7.1,0.8125,0.0
2014-04-10,8.0,2.1,0.85,0.0
2014-04-11,9.3,3.3,0.7125,0.0
2014-04-12,7.7,3.2,0.6875,1.5
2014-04-13,9.1,5.9,0.775,4.7
2014-04-14,7.4,8.3,0.75,0.2
2014-04-15,7.0,5.6,0.025,0.0
2014-04-16,7.1,2.1,0.075,0.0
2014-04-17,10.2,4.8,0.5625,3.5
2014-04-18,6.9,4.3,0.7625,0.5
2014-04-19,9.0,4.7,0.1875,0.0
2014-04-20,11.1,6.1,0.0625,0.0
2014-04-21,10.9,5.8,0.625,0.2
2014-04-22,12.1,4.1,0.75,20.6
2014-04-23,9.3,4.2,0.975,0.4
2014-04-24,8.3,5.1,1.0,0.0
2014-04-25,10.7,4.1,0.1,0.0
2014-04-26,11.8,4.1,0.0,0.0
2014-04-27,12.5,5.1,0.0,0.0
2014-04-28,12.1,3.6,0.0,0.0
2014-04-29,13.2,1.9,0.0875,0.0
2014-04-30,13.2,2.3,0.325,0.0
2014-05-01,8.9,4.7,0.55,0.0
2014-05-02,8.2,4.2,0.675,0.0
2014-05-03,7.7,4.0,0.4375,0.0
2014-05-04,8.0,4.3,0.95,0.0
2014-05-05,9.0,1.8,0.95,0.0
2014-05-06,12.7,3.1,0.8,7.1
2014-05-07,12.4,3.7,0.8125,3.1
2014-05-08,10.9,3.2,0.975,8.4
2014-05-09,11.0,3.0,0.85,2.5
2014-05-10,11.4,4.0,0.9125,3.0
2014-05-11,10.8,4.3,0.95,10.8
2014-05-12,11.0,4.9,0.9125,0.9
2014-05-13,9.7,4.9,0.775,0.3
2014-05-14,9.3,5.2,0.7875,0.0
2014-05-15,11.2,2.8,0.525,0.0
2014-05-16,10.7,2.7,0.225,0.0
2014-05-17,12.6,2.1,0.2875,0.0
2014-05-18,13.5,3.6,0.4875,1.5
2014-05-19,12.9,2.3,0.725,0.1
2014-05-20,16.3,3.2,0.0,0.0
2014-05-21,21.0,2.5,0.2875,0.0
2014-05-22,21.8,2.7,0.225,5.2
2014-05-23,16.2,3.5,0.6625,4.7
2014-05-24,15.3,2.4,0.3125,0.0
2014-05-25,17.4,2.7,0.5,0.0
2014-05-26,17.1,3.9,0.0125,0.0
2014-05-27,13.2,8.4,0.6375,0.0
2014-05-28,9.9,9.2,0.8125,0.0
2014-05-29,10.7,4.3,0.4625,0.0
2014-05-30,13.3,4.6,0.0875,0.0
2014-05-31,13.3,6.0,0.75,0.0
2014-06-01,12.3,2.3,0.775,0.0
2014-06-02,13.6,2.1,0.0625,0.0
2014-06-03,15.9,2.0,0.3,0.0
2014-06-04,17.7,3.3,0.4,0.5
2014-06-05,14.6,3.1,0.775,20.8
2014-06-06,15.7,4.1,0.5,0.0
2014-06-07,15.0,2.5,0.225,0.0
2014-06-08,19.0,2.3,0.55,0.0
2014-06-09,18.0,3.4,0.125,0.0
2014-06-10,21.7,2.7,0.35,0.0
2014-06-11,19.0,3.0,0.625,0.3
2014-06-12,16.4,4.1,0.3375,0.2
2014-06-13,15.4,5.7,0.875,0.2
2014-06-14,15.5,4.0,0.475,0.0
2014-06-15,15.2,2.8,0.0,0.0
2014-06-16,16.1,2.9,0.7875,0.0
2014-06-17,16.8,2.8,0.1875,0.0
2014-06-18,15.7,4.3,0.775,0.0
2014-06-19,14.2,6.9,0.9375,1.1
2014-06-20,14.0,7.1,0.7375,0.0
2014-06-21,13.6,5.5,0.8125,2.8
2014-06-22,13.5,6.3,0.6375,0.0
2014-06-23,13.9,5.8,0.7625,4.7
2014-06-24,13.1,2.9,0.9625,0.1
2014-06-25,15.4,2.9,0.2875,0.0
2014-06-26,15.1,2.0,0.4375,3.0
2014-06-27,16.5,1.9,0.725,1.4
2014-06-28,16.0,2.1,0.675,21.2
2014-06-29,15.4,2.4,0.85,0.4
2014-06-30,15.1,3.9,0.5625,0.0
2014-07-01,13.3,3.2,0.6375,3.0
2014-07-02,14.5,4.1,0.625,0.0
2014-07-03,17.1,3.0,0.7375,0.0
2014-07-04,22.2,2.7,0.3375,0.0
2014-07-05,21.3,2.0,0.9,7.1
2014-07-06,22.2,2.3,0.6125,0.1
2014-07-07,19.4,3.5,0.7625,0.0
2014-07-08,18.6,4.4,0.8375,13.0
2014-07-09,21.9,7.0,0.2875,0.0
2014-07-10,22.1,5.7,0.0,0.0
2014-07-11,20.5,5.1,0.2,0.0
2014-07-12,18.5,3.3,0.4,0.0
2014-07-13,16.8,2.7,0.9875,13.7
2014-07-14,17.2,5.0,0.7875,0.8
2014-07-15,19.4,3.6,0.6875,0.0
2014-07-16,17.9,2.0,0.6625,0.0
2014-07-17,19.0,2.0,0.3125,0.0
2014-07-18,21.9,2.2,0.1125,0.0
2014-07-19,23.7,3.4,0.0,0.0
2014-07-20,21.6,5.4,0.3875,0.0
2014-07-21,21.4,6.5,0.2,0.0
2014-07-22,22.5,5.5,0.0125,0.0
2014-07-23,22.0,4.6,0.0,0.0
2014-07-24,22.2,4.3,0.1875,0.0
2014-07-25,23.2,5.8,0.6625,3.4
2014-07-26,21.3,3.1,0.6,0.9
2014-07-27,22.0,2.0,0.4375,0.0
2014-07-28,21.2,2.6,0.075,0.0
2014-07-29,23.0,3.7,0.1875,0.0
2014-07-30,20.7,4.1,0.6125,0.0
2014-07-31,19.6,3.4,0.425,0.3
2014-08-01,22.9,2.7,0.225,0.0
2014-08-02,23.1,3.3,0.275,0.0
2014-08-03,21.5,2.3,0.65,10.3
2014-08-04,19.7,2.4,0.8625,0.1
2014-08-05,19.4,2.7,0.625,0.0
2014-08-06,18.9,2.4,0.1,0.0
2014-08-07,18.5,1.8,0.7375,2.6
2014-08-08,19.4,2.2,0.275,0.0
2014-08-09,19.6,4.1,0.6,4.1
2014-08-10,20.6,3.5,0.65,0.5
2014-08-11,17.8,4.3,0.4625,2.4
2014-08-12,15.2,3.4,0.45,10.3
2014-08-13,17.1,3.5,0.3125,0.0
2014-08-14,16.1,2.8,0.675,2.0
2014-08-15,16.0,3.0,0.725,1.5
2014-08-16,14.9,4.1,0.8375,1.5
2014-08-17,14.2,4.1,0.95,17.0
2014-08-18,13.8,4.6,0.7875,10.0
2014-08-19,12.7,3.9,0.725,10.1
2014-08-20,13.1,4.1,0.5875,1.1
2014-08-21,13.2,3.2,0.6625,3.4
2014-08-22,14.0,3.4,0.875,7.2
2014-08-23,13.1,3.8,0.6625,2.1
2014-08-24,13.1,4.3,0.4,1.3
2014-08-25,12.1,3.0,0.475,2.1
2014-08-26,12.9,2.2,0.1625,0.0
2014-08-27,14.8,3.0,0.075,0.0
2014-08-28,15.2,2.3,0.3375,0.0
2014-08-29,17.3,2.6,0.7125,3.2
2014-08-30,16.0,2.6,0.85,13.5
2014-08-31,15.2,2.1,0.875,0.3
2014-09-01,16.6,4.2,0.975,0.4
2014-09-02,16.5,4.1,0.3125,0.0
2014-09-03,15.7,3.8,0.15,0.0
2014-09-04,16.7,4.1,0.0625,0.0
2014-09-05,18.6,2.7,0.3125,0.0
2014-09-06,19.7,2.0,0.5,14.1
2014-09-07,17.5,2.0,0.6625,0.0
2014-09-08,14.7,3.2,0.275,0.1
2014-09-09,14.2,4.6,0.6625,1.5
2014-09-10,16.3,4.4,0.575,0.0
2014-09-11,16.0,4.8,0.35,0.0
2014-09-12,16.3,3.6,0.4375,0.0
2014-09-13,16.2,4.6,0.8,2.3
2014-09-14,16.6,5.0,0.9875,14.0
2014-09-15,18.0,5.7,0.725,0.0
2014-09-16,18.0,4.5,0.3125,0.0
2014-09-17,17.4,4.3,0.2875,0.0
2014-09-18,17.7,4.2,0.2125,0.0
2014-09-19,17.8,3.2,0.1,0.0
2014-09-20,16.7,2.1,0.475,1.6
2014-09-21,15.1,4.9,0.6,0.2
2014-09-22,11.9,6.2,0.6875,0.0
2014-09-23,11.6,2.6,0.575,0.0
2014-09-24,13.3,3.4,0.675,0.7
2014-09-25,13.0,4.1,0.9,0.8
2014-09-26,15.5,4.1,0.8375,0.9
2014-09-27,12.8,3.1,0.125,0.0
2014-09-28,14.2,1.9,0.45,0.0
2014-09-29,15.3,1.7,0.75,1.4
2014-09-30,15.6,1.5,0.95,9.7
2014-10-01,16.1,1.5,0.9,0.2
2014-10-02,16.0,1.8,0.775,0.0
2014-10-03,17.2,1.7,0.525,0.0
2014-10-04,15.5,2.9,0.0,0.0
2014-10-05,13.8,2.6,0.1375,0.0
2014-10-06,13.7,4.6,0.55,0.0
2014-10-07,12.3,3.9,0.8375,8.2
2014-10-08,12.6,3.8,0.5625,0.8
2014-10-09,16.0,3.6,0.6375,0.0
2014-10-10,13.9,3.3,0.2,0.0
2014-10-11,13.7,1.6,0.425,1.6
2014-10-12,13.1,2.1,0.65,0.6
2014-10-13,12.4,2.7,0.975,13.3
2014-10-14,13.1,1.6,0.875,1.4
2014-10-15,13.2,2.0,0.9875,0.0
2014-10-16,13.0,1.9,0.975,0.0
2014-10-17,13.2,2.4,0.85,5.1
2014-10-18,14.2,2.8,0.8125,0.0
2014-10-19,16.4,4.5,0.9375,11.9
2014-10-20,13.8,5.1,0.85,0.8
2014-10-21,11.7,3.5,0.975,9.0
2014-10-22,11.5,3.6,0.7625,0.0
2014-10-23,11.2,2.5,0.7875,0.0
2014-10-24,12.3,3.5,0.975,1.1
2014-10-25,11.1,3.1,0.8,0.4
2014-10-26,11.5,3.5,0.5375,0.0
2014-10-27,13.1,3.8,0.3375,0.0
2014-10-28,10.7,3.2,0.1125,0.0
2014-10-29,6.8,2.6,0.725,0.0
2014-10-30,7.2,1.4,0.4,0.1
2014-10-31,11.8,2.0,0.9,0.0
2014-11-01,14.3,2.6,0.5375,0.0
2014-11-02,13.7,3.2,0.5,1.1
2014-11-03,13.6,4.5,0.5125,1.0
2014-11-04,11.6,3.1,0.9375,6.8
2014-11-05,9.3,3.7,0.9625,2.1
2014-11-06,8.1,3.1,0.7875,0.0
2014-11-07,7.2,2.8,0.4375,0.0
2014-11-08,8.7,3.1,0.275,0.0
2014-11-09,8.5,2.7,0.3625,0.0
2014-11-10,8.0,2.5,0.75,0.9
2014-11-11,7.8,2.9,0.2875,0.0
2014-11-12,10.0,3.6,0.9875,0.5
2014-11-13,10.5,1.2,0.9875,0.0
2014-11-14,10.2,3.8,0.8875,0.0
2014-11-15,9.7,5.2,1.0,0.0
2014-11-16,8.6,5.0,0.9875,3.0
2014-11-17,8.8,2.7,0.875,0.0
2014-11-18,8.7,5.2,0.9875,0.7
2014-11-19,8.1,5.0,0.975,0.0
2014-11-20,6.2,2.4,0.8625,0.0
2014-11-21,5.4,1.5,0.9125,0.0
2014-11-22,5.0,2.8,0.8875,1.7
2014-11-23,6.6,3.0,0.8375,3.5
2014-11-24,8.3,3.7,0.6625,2.8
2014-11-25,4.4,1.4,0.1375,0.0
2014-11-26,4.0,2.9,0.5375,0.0
2014-11-27,3.7,4.4,0.3375,0.0
2014-11-28,2.0,6.1,0.625,0.0
2014-11-29,0.9,4.7,1.0,0.0
2014-11-30,0.2,4.9,1.0,0.0
2014-12-01,-1.9,5.2,0.725,0.0
2014-12-02,-2.6,2.2,1.0,0.0
2014-12-03,0.3,2.5,1.0,0.0
2014-12-04,2.6,2.9,1.0,2.7
2014-12-05,2.5,2.7,0.975,0.3
2014-12-06,4.0,2.7,0.425,0.0
2014-12-07,3.6,4.8,0.9,8.7
2014-12-08,3.1,3.8,0.8125,3.5
2014-12-09,2.7,3.9,1.0,2.4
2014-12-10,4.2,5.9,0.6375,4.9
2014-12-11,3.5,5.2,0.7875,22.2
2014-12-12,5.2,5.8,0.925,13.6
2014-12-13,4.0,4.2,0.5,0.3
2014-12-14,2.3,4.4,0.5375,1.3
2014-12-15,3.9,4.7,0.9,5.9
2014-12-16,4.3,4.1,0.8375,3.8
2014-12-17,3.6,3.4,0.8875,1.4
2014-12-18,9.4,5.0,0.975,19.2
2014-12-19,8.0,6.2,0.75,7.2
2014-12-20,5.1,7.8,0.6,7.5
2014-12-21,6.3,6.2,0.6125,18.1
2014-12-22,9.5,8.5,0.9375,22.4
2014-12-23,9.3,7.5,0.975,19.9
2014-12-24,7.5,7.1,0.725,13.1
2014-12-25,3.3,5.3,0.9375,5.3
2014-12-26,-0.7,2.7,0.8625,0.5
2014-12-27,-0.9,3.4,0.5875,0.0
2014-12-28,-0.5,2.8,0.6375,0.7
2014-12-29,1.3,4.3,0.85,2.5
2014-12-30,4.5,3.9,0.9625,0.0
2014-12-31,6.3,4.5,0.8875,0.1
2015-01-01,4.5,5.5,0.975,8.0
2015-01-02,6.7,9.3,0.8625,2.2
2015-01-03,4.5,6.8,0.725,4.2
2015-01-04,3.7,5.5,0.25,0.0
2015-01-05,5.3,3.8,0.9875,0.2
2015-01-06,3.4,2.8,1.0,0.2
2015-01-07,4.6,3.7,0.7625,1.3
2015-01-08,5.3,4.9,0.875,7.5
2015-01-09,6.7,8.9,0.825,12.6
2015-01-10,7.7,10.0,0.8125,6.0
2015-01-11,4.3,8.4,0.5625,4.0
2015-01-12,7.3,7.8,0.9875,13.8
2015-01-13,6.6,4.4,0.9125,12.0
2015-01-14,3.1,4.1,0.75,6.2
2015-01-15,5.3,5.8,0.8625,13.6
2015-01-16,6.0,5.3,0.6875,0.0
2015-01-17,3.0,3.6,0.225,0.0
2015-01-18,1.7,3.4,0.9375,4.1
2015-01-19,0.8,1.6,0.9625,1.3
2015-01-20,-0.3,1.2,0.975,1.3
2015-01-21,-1.4,1.5,0.875,0.0
2015-01-22,-3.3,1.0,0.575,0.0
2015-01-23,-1.7,2.1,0.9875,0.0
2015-01-24,-1.1,3.8,0.5625,1.9
2015-01-25,1.7,2.5,0.625,0.0
2015-01-26,3.0,4.1,0.9625,6.4
2015-01-27,3.4,5.1,0.2875,0.0
2015-01-28,4.0,5.6,0.95,16.6
2015-01-29,1.4,4.7,0.9625,8.1
2015-01-30,0.7,1.8,0.925,0.0
2015-01-31,-2.4,2.9,0.9625,0.0
2015-02-01,-1.2,2.7,0.85,4.5
2015-02-02,0.2,3.3,0.6375,0.2
2015-02-03,-1.1,3.5,0.9375,0.4
2015-02-04,-1.5,3.8,0.875,0.5
2015-02-05,0.2,4.2,0.75,0.0
2015-02-06,-1.0,2.4,0.575,0.0
2015-02-07,3.0,6.5,0.85,0.0
2015-02-08,2.7,6.3,0.3125,0.1
2015-02-09,5.7,6.0,0.8125,0.0
2015-02-10,5.7,4.3,0.7375,0.0
2015-02-11,3.3,2.0,0.9875,0.0
2015-02-12,1.9,1.7,1.0,0.0
2015-02-13,0.5,2.5,1.0,0.0
2015-02-14,1.1,3.6,0.8125,0.0
2015-02-15,2.9,6.5,0.975,0.0
2015-02-16,1.5,4.0,0.7625,0.0
2015-02-17,0.5,2.6,0.475,0.0
2015-02-18,4.0,4.6,0.7375,0.0
2015-02-19,3.7,5.0,0.4,0.0
2015-02-20,3.4,4.4,0.975,5.9
2015-02-21,3.7,3.0,0.9625,3.5
2015-02-22,3.5,3.9,0.625,0.8
2015-02-23,3.5,4.8,0.8125,1.7
2015-02-24,4.6,4.8,0.85,0.0
2015-02-25,4.1,3.1,0.6625,0.7
2015-02-26,5.3,3.1,0.7875,1.0
2015-02-27,3.6,2.7,0.775,4.8
2015-02-28,3.4,3.5,0.475,1.7
2015-03-01,5.1,5.6,0.85,2.1
2015-03-02,4.3,6.2,0.8125,2.9
2015-03-03,2.9,4.3,0.7875,6.8
2015-03-04,3.0,4.6,0.75,2.3
2015-03-05,4.3,3.9,0.6875,0.1
2015-03-06,6.6,3.9,0.9625,0.0
2015-03-07,8.5,4.8,0.65,0.0
2015-03-08,9.7,4.7,0.075,0.0
2015-03-09,6.9,2.8,0.55,1.0
2015-03-10,7.3,4.4,0.45,0.0
2015-03-11,5.6,4.2,0.0625,0.0
2015-03-12,3.7,3.0,0.15,0.0
2015-03-13,3.4,5.4,0.7,0.0
2015-03-14,4.3,6.8,0.7,0.0
2015-03-15,4.9,6.4,0.9875,0.0
2015-03-16,7.3,5.3,0.5875,0.0
2015-03-17,8.1,3.3,0.375,0.0
2015-03-18,8.1,2.7,0.2625,0.0
2015-03-19,4.9,2.0,0.0125,0.0
2015-03-20,2.8,2.9,0.6625,4.1
2015-03-21,3.7,5.6,0.9875,3.3
2015-03-22,2.5,3.4,0.3125,0.0
2015-03-23,4.4,3.5,0.375,0.0
2015-03-24,4.8,1.7,0.5875,0.0
2015-03-25,5.3,3.7,0.5375,1.7
2015-03-26,6.2,2.9,0.9375,0.0
2015-03-27,5.8,2.5,0.9125,2.5
2015-03-28,6.8,3.6,0.925,8.9
2015-03-29,8.0,4.6,0.9375,13.0
2015-03-30,5.4,8.2,0.8,6.7
2015-03-31,4.2,7.9,0.95,11.3
2015-04-01,3.8,7.5,0.525,3.1
2015-04-02,4.0,5.4,0.525,0.4
2015-04-03,4.9,5.3,0.5625,0.0
2015-04-04,4.1,3.4,0.1,0.0
2015-04-05,4.7,3.1,0.325,0.0
2015-04-06,5.3,3.0,0.1875,0.0
2015-04-07,5.4,4.5,0.6,0.0
2015-04-08,9.1,4.0,0.6875,0.0
2015-04-09,8.1,2.0,0.4625,0.0
2015-04-10,9.4,2.0,0.0625,0.0
2015-04-11,11.3,4.3,0.35,6.5
2015-04-12,9.6,4.9,0.5125,1.6
2015-04-13,6.8,7.6,0.4375,0.1
2015-04-14,7.7,4.4,0.875,0.0
2015-04-15,11.2,6.0,0.55,0.0
2015-04-16,7.1,5.4,0.4875,0.0
2015-04-17,7.3,4.5,0.2375,0.0
2015-04-18,7.6,3.7,0.125,0.0
2015-04-19,7.3,2.5,0.3,0.0
2015-04-20,9.6,3.5,0.0,0.0
2015-04-21,10.2,5.9,0.0875,0.0
2015-04-22,10.0,3.2,0.375,0.0
2015-04-23,9.9,5.0,0.6375,0.0
2015-04-24,10.6,2.7,0.5,0.1
2015-04-25,11.6,2.7,0.825,5.7
2015-04-26,7.8,3.2,0.95,0.8
2015-04-27,7.4,3.6,0.55,0.0
2015-04-28,6.0,3.4,0.3,0.0
2015-04-29,9.3,3.5,0.5125,0.3
2015-04-30,8.9,2.6,0.725,1.4
2015-05-01,7.4,2.3,0.575,0.0
2015-05-02,6.9,3.2,0.225,0.0
2015-05-03,10.0,3.4,0.3875,7.7
2015-05-04,14.1,3.8,0.6875,1.9
2015-05-05,15.6,4.4,0.6125,14.8
2015-05-06,12.7,4.1,0.35,3.1
2015-05-07,10.4,5.4,0.6,2.4
2015-05-08,9.0,3.2,0.4625,0.0
2015-05-09,11.5,3.9,0.925,3.7
2015-05-10,10.2,6.2,0.4625,0.0
2015-05-11,15.5,3.3,0.0625,0.0
2015-05-12,12.7,3.5,0.5375,2.9
2015-05-13,10.6,5.8,0.925,0.0
2015-05-14,9.5,4.0,0.975,0.0
2015-05-15,9.9,3.0,0.6125,0.0
2015-05-16,8.8,3.9,0.85,0.3
2015-05-17,9.8,5.9,0.4375,0.4
2015-05-18,10.5,2.7,0.925,8.9
2015-05-19,9.4,3.3,0.675,12.4
2015-05-20,9.8,2.9,0.375,1.7
2015-05-21,10.0,3.5,0.55,0.2
2015-05-22,13.2,3.3,0.675,1.1
2015-05-23,11.2,3.6,0.6625,0.4
2015-05-24,10.5,2.0,0.1875,0.5
2015-05-25,10.5,2.1,0.8875,0.0
2015-05-26,10.5,4.3,0.625,0.0
2015-05-27,11.2,4.5,0.85,0.0
2015-05-28,11.7,4.4,0.7625,4.3
2015-05-29,11.1,3.0,0.6125,3.4
2015-05-30,10.2,5.3,0.625,0.8
2015-05-31,12.3,3.7,0.8875,3.7
2015-06-01,12.4,4.4,0.475,2.2
2015-06-02,13.9,5.1,0.9375,0.6
2015-06-03,13.8,6.4,0.725,0.0
2015-06-04,12.8,2.6,0.025,0.0
2015-06-05,17.7,2.9,0.125,0.9
2015-06-06,17.0,4.7,0.4125,0.0
2015-06-07,12.9,4.4,0.2625,0.0
2015-06-08,11.2,3.5,0.5375,0.0
2015-06-09,11.9,2.7,0.4,0.0
2015-06-10,14.6,2.3,0.0,0.0
2015-06-11,13.0,2.7,0.075,0.0
2015-06-12,16.6,2.9,0.0375,0.0
2015-06-13,18.2,2.7,0.7,3.7
2015-06-14,12.9,4.6,0.9375,0.0
2015-06-15,10.5,3.8,0.6875,0.0
2015-06-16,11.2,3.7,0.7875,0.0
2015-06-17,12.6,3.3,0.7375,4.7
2015-06-18,12.4,4.9,0.9125,1.3
2015-06-19,12.3,4.9,0.95,0.7
2015-06-20,13.4,4.8,0.7625,0.0
2015-06-21,13.8,2.0,0.925,14.4
2015-06-22,12.8,2.7,0.825,1.8
2015-06-23,14.0,3.6,0.75,0.4
2015-06-24,12.3,4.8,0.975,0.1
2015-06-25,14.5,2.6,0.725,0.0
2015-06-26,16.1,1.6,0.9625,0.1
2015-06-27,16.9,4.1,0.9125,0.1
2015-06-28,16.2,3.3,0.4125,2.6
2015-06-29,18.1,3.3,0.5875,0.0
2015-06-30,17.1,2.9,0.2,0.0
2015-07-01,19.1,3.3,0.0,0.0
2015-07-02,23.0,3.5,0.0,0.0
2015-07-03,22.8,2.2,0.1625,0.0
2015-07-04,23.0,3.0,0.1875,0.2
2015-07-05,22.4,2.3,0.7875,15.9
2015-07-06,17.6,5.7,0.4375,0.0
2015-07-07,19.8,2.4,0.475,2.4
2015-07-08,15.9,5.5,0.75,4.0
2015-07-09,13.1,8.0,0.7875,0.1
2015-07-10,13.7,6.8,0.45,0.0
2015-07-11,14.7,2.2,0.575,0.0
2015-07-12,16.8,3.4,0.925,0.3
2015-07-13,17.1,3.2,0.85,0.0
2015-07-14,17.1,2.5,0.775,0.0
2015-07-15,16.6,3.5,0.55,3.9
2015-07-16,16.4,1.9,0.5625,0.0
2015-07-17,19.2,3.5,0.225,1.8
2015-07-18,18.2,4.7,0.4,0.0
2015-07-19,13.6,2.0,0.825,2.3
2015-07-20,15.9,3.3,0.5125,0.8
2015-07-21,18.9,4.5,0.5,1.2
2015-07-22,19.0,3.2,0.4125,0.0
2015-07-23,15.9,3.4,0.625,0.0
2015-07-24,16.5,3.1,0.675,21.6
2015-07-25,17.4,3.7,0.925,8.9
2015-07-26,15.2,5.9,0.7625,0.7
2015-07-27,15.2,2.5,0.9625,21.8
2015-07-28,15.6,4.6,0.925,14.2
2015-07-29,13.9,4.4,0.8875,22.5
2015-07-30,13.4,7.0,0.95,2.1
2015-07-31,13.5,4.5,0.725,0.0
2015-08-01,13.9,2.6,0.175,0.0
2015-08-02,16.4,2.0,0.0375,0.0
2015-08-03,21.0,2.4,0.0,0.0
2015-08-04,22.3,2.9,0.375,4.1
2015-08-05,18.1,2.4,0.25,0.0
2015-08-06,22.3,1.9,0.2375,0.0
2015-08-07,19.3,2.1,0.3375,3.7
2015-08-08,17.4,2.5,0.6375,0.0
2015-08-09,17.6,3.0,0.175,0.0
2015-08-10,19.4,2.3,0.8,11.5
2015-08-11,19.7,2.2,0.6125,0.0
2015-08-12,17.6,2.6,0.6375,0.0
2015-08-13,18.4,4.5,0.0625,0.0
2015-08-14,20.9,4.5,0.4,0.4
2015-08-15,19.6,2.1,0.7125,0.0
2015-08-16,19.5,3.2,0.825,9.0
2015-08-17,18.7,5.9,0.9125,3.3
2015-08-18,18.0,4.0,0.925,0.3
2015-08-19,17.0,2.2,0.5625,0.0
2015-08-20,17.0,1.9,0.375,0.0
2015-08-21,18.6,2.0,0.0375,0.0
2015-08-22,19.1,3.1,0.0,0.0
2015-08-23,18.8,4.9,0.05,0.0
2015-08-24,19.8,3.4,0.5875,0.0
2015-08-25,17.3,4.1,0.5625,6.4
2015-08-26,19.5,3.6,0.6875,3.0
2015-08-27,17.0,3.2,0.875,5.1
2015-08-28,16.4,3.3,0.5375,0.0
2015-08-29,16.7,2.0,0.2875,0.0
2015-08-30,17.3,3.1,0.775,0.0
2015-08-31,19.6,2.9,0.5375,2.7
2015-09-01,17.1,4.2,0.75,0.0
2015-09-02,14.6,4.1,0.425,0.0
2015-09-03,14.3,2.8,0.375,0.0
2015-09-04,13.6,3.4,0.675,1.3
2015-09-05,13.0,6.1,0.675,5.0
2015-09-06,13.8,6.3,0.5625,0.0
2015-09-07,12.9,3.4,0.0,0.0
2015-09-08,13.5,3.4,0.3125,0.0
2015-09-09,13.5,2.4,0.1625,0.0
2015-09-10,14.9,4.2,0.175,0.0
2015-09-11,14.7,3.9,0.725,1.6
2015-09-12,16.3,2.6,0.875,7.3
2015-09-13,17.0,2.2,0.9125,4.3
2015-09-14,16.6,2.2,0.8125,21.8
2015-09-15,13.1,3.7,0.525,10.0
2015-09-16,14.5,3.0,0.7875,2.0
2015-09-17,16.7,4.9,0.8125,4.3
2015-09-18,14.5,3.3,0.55,0.0
2015-09-19,13.4,2.2,0.875,1.6
2015-09-20,12.8,4.4,0.45,0.1
2015-09-21,11.9,2.2,0.825,1.0
2015-09-22,13.5,2.3,0.975,1.3
2015-09-23,12.6,1.8,0.975,0.0
2015-09-24,13.5,3.7,0.7875,2.4
2015-09-25,12.2,2.6,0.4875,0.0
2015-09-26,11.1,2.4,0.225,0.0
2015-09-27,10.6,2.8,0.0625,0.0
2015-09-28,10.3,1.9,0.1375,0.0
2015-09-29,11.1,1.7,0.15,0.0
2015-09-30,10.4,1.3,0.075,0.0
2015-10-01,10.4,2.4,0.325,0.0
2015-10-02,11.4,2.1,0.275,0.1
2015-10-03,11.1,2.3,0.675,0.0
2015-10-04,12.1,2.0,0.625,0.0
2015-10-05,12.7,2.3,0.0875,0.0
2015-10-06,13.7,5.1,0.7875,3.0
2015-10-07,13.1,3.5,1.0,12.4
2015-10-08,11.3,2.2,0.9625,1.1
2015-10-09,10.1,2.4,0.9875,0.0
2015-10-10,8.7,3.6,0.4125,0.0
2015-10-11,8.4,3.8,0.0625,0.0
2015-10-12,7.2,3.6,0.3125,0.0
2015-10-13,7.2,3.2,0.875,3.0
2015-10-14,7.9,3.4,0.9625,1.4
2015-10-15,9.2,5.7,0.9875,1.4
2015-10-16,9.5,4.8,0.9875,7.3
2015-10-17,10.1,2.5,0.975,7.9
2015-10-18,11.0,4.2,0.975,3.5
2015-10-19,8.3,2.1,0.75,0.0
2015-10-20,7.1,2.3,0.825,0.1
2015-10-21,10.0,2.8,0.875,0.0
2015-10-22,11.1,3.8,0.8625,0.9
2015-10-23,11.3,4.3,0.4625,0.0
2015-10-24,11.0,2.5,1.0,0.6
2015-10-25,10.1,3.2,0.4125,0.0
2015-10-26,7.9,1.7,0.0125,0.0
2015-10-27,8.6,2.9,0.0625,0.0
2015-10-28,9.2,3.7,0.0625,0.0
2015-10-29,8.7,1.4,0.55,0.0
2015-10-30,9.8,1.9,0.7625,0.0
2015-10-31,9.7,2.7,0.4125,0.0
2015-11-01,8.8,1.8,0.4875,0.0
2015-11-02,9.0,1.4,1.0,0.0
2015-11-03,4.9,1.5,0.9875,0.0
2015-11-04,6.1,1.5,0.5875,0.0
2015-11-05,11.4,1.9,0.9,9.7
2015-11-06,13.0,2.2,0.975,9.6
2015-11-07,14.8,5.0,0.975,3.5
2015-11-08,12.2,4.9,0.55,5.9
2015-11-09,12.1,6.4,0.75,4.8
2015-11-10,14.4,8.0,0.975,0.5
2015-11-11,13.4,5.8,1.0,1.4
2015-11-12,12.0,5.2,0.5,0.0
2015-11-13,10.1,4.9,0.7,7.2
2015-11-14,7.3,4.4,0.75,4.9
2015-11-15,8.3,1.8,0.975,11.0
2015-11-16,11.2,4.4,0.8875,8.1
2015-11-17,10.2,3.3,0.9625,14.3
2015-11-18,11.1,7.8,0.9125,13.6
2015-11-19,9.7,7.5,0.7375,5.6
2015-11-20,7.2,3.0,0.875,10.2
2015-11-21,4.4,4.8,0.9,8.0
2015-11-22,2.2,7.8,0.825,6.7
2015-11-23,2.8,4.2,0.5375,0.9
2015-11-24,3.0,5.5,0.95,3.1
2015-11-25,3.9,3.0,0.8625,0.1
2015-11-26,4.1,2.8,0.0875,0.0
2015-11-27,4.4,4.4,0.7375,0.0
2015-11-28,5.0,4.9,0.725,7.2
2015-11-29,7.4,7.1,0.8875,18.2
2015-11-30,4.9,6.0,0.725,3.1
2015-12-01,5.8,3.5,0.6875,2.8
2015-12-02,10.0,4.4,0.9875,0.0
2015-12-03,9.4,4.0,0.975,1.6
2015-12-04,8.7,6.5,0.8125,0.9
2015-12-05,9.1,6.9,0.7625,0.4
2015-12-06,10.0,7.6,0.9125,0.3
2015-12-07,7.8,1.8,0.775,0.4
2015-12-08,9.9,2.8,0.4125,2.7
2015-12-09,8.1,4.4,0.475,0.0
2015-12-10,6.3,5.3,0.75,3.2
2015-12-11,5.5,4.6,0.8125,8.5
2015-12-12,5.7,4.3,0.6625,16.5
2015-12-13,3.9,3.6,0.375,0.0
2015-12-14,2.8,2.1,0.7625,0.1
2015-12-15,4.5,2.3,0.975,0.2
2015-12-16,5.9,3.1,1.0,2.3
2015-12-17,11.4,3.9,0.875,1.1
2015-12-18,11.1,4.8,0.9,0.3
2015-12-19,11.4,4.4,0.825,0.0
2015-12-20,11.8,4.4,0.525,0.1
2015-12-21,10.3,5.8,0.9125,4.6
2015-12-22,10.8,6.9,0.7125,3.8
2015-12-23,10.2,6.8,0.625,3.0
2015-12-24,8.3,4.9,0.3875,1.0
2015-12-25,7.6,4.9,0.35,10.4
2015-12-26,12.5,7.8,0.975,9.2
2015-12-27,10.1,5.5,0.725,0.0
2015-12-28,4.6,3.9,0.775,0.0
2015-12-29,4.8,4.5,0.9375,0.0
2015-12-30,4.7,4.3,0.8375,0.0
2015-12-31,2.7,4.1,0.5625,1.8
2016-01-01,4.1,2.1,0.625,0.0
2016-01-02,0.0,6.5,1.0,0.0
2016-01-03,-5.6,6.3,0.925,0.0
2016-01-04,-6.0,5.8,0.5625,0.0
2016-01-05,-4.2,5.7,0.1375,0.0
2016-01-06,-3.5,4.7,0.0,0.0
2016-01-07,-3.8,4.7,0.7,5.7
2016-01-08,0.8,5.7,0.925,3.6
2016-01-09,2.0,2.4,0.425,0.0
2016-01-10,2.2,3.1,0.75,5.4
2016-01-11,2.3,2.0,0.8125,0.5
2016-01-12,3.3,2.2,0.975,5.3
2016-01-13,2.4,3.0,0.9875,0.7
2016-01-14,1.9,2.6,0.875,0.5
2016-01-15,1.4,3.9,0.9875,0.0
2016-01-16,0.0,1.6,0.9875,0.1
2016-01-17,-1.8,3.6,0.6,0.0
2016-01-18,-2.8,2.7,0.625,0.0
2016-01-19,-2.8,3.8,0.9625,0.5
2016-01-20,-2.6,2.2,0.85,0.0
2016-01-21,-5.1,2.2,0.725,0.0
2016-01-22,-4.9,2.8,0.325,3.1
2016-01-23,1.3,2.8,0.8875,0.0
2016-01-24,4.9,3.3,0.9625,2.0
2016-01-25,8.3,3.7,0.85,0.0
2016-01-26,8.5,5.4,0.9375,5.0
2016-01-27,9.9,7.0,0.9625,6.6
2016-01-28,6.4,6.8,0.6875,0.2
2016-01-29,7.0,6.4,0.975,13.5
2016-01-30,6.6,5.9,0.8125,13.9
2016-01-31,3.5,5.5,0.85,14.9
2016-02-01,6.8,6.1,0.9,4.4
2016-02-02,7.5,9.5,0.875,3.8
2016-02-03,4.5,6.9,0.5125,2.8
2016-02-04,2.7,4.1,0.4875,1.1
2016-02-05,4.2,3.1,0.925,2.0
2016-02-06,8.6,4.0,0.8875,0.0
2016-02-07,8.3,4.4,0.4625,0.8
2016-02-08,7.0,6.3,0.7875,19.1
2016-02-09,5.6,5.7,0.85,19.5
2016-02-10,3.2,3.6,0.975,0.6
2016-02-11,4.4,2.8,0.975,3.8
2016-02-12,2.7,1.4,0.95,1.8
2016-02-13,1.3,3.0,0.825,0.0
2016-02-14,2.5,8.3,0.975,1.6
2016-02-15,0.8,6.2,0.925,0.0
2016-02-16,-0.4,2.0,0.0875,0.0
2016-02-17,0.5,3.2,0.3625,0.2
2016-02-18,1.0,2.1,0.8,0.0
2016-02-19,2.0,2.5,0.7875,1.0
2016-02-20,4.2,5.3,0.875,8.8
2016-02-21,6.9,5.6,0.975,8.8
2016-02-22,5.4,6.0,0.8,0.5
2016-02-23,4.5,5.2,0.425,1.5
2016-02-24,2.2,4.4,0.4125,0.2
2016-02-25,2.0,3.3,0.775,2.8
2016-02-26,2.0,2.6,0.6125,0.0
2016-02-27,-0.1,1.5,0.7375,0.0
2016-02-28,0.9,1.3,0.5625,0.0
2016-02-29,0.4,3.1,0.95,0.0
2016-03-01,1.6,3.2,0.85,2.3
2016-03-02,3.5,3.9,0.8,8.0
2016-03-03,3.2,2.1,0.7875,0.5
2016-03-04,2.9,3.3,0.7125,2.7
2016-03-05,3.0,1.9,1.0,3.4
2016-03-06,3.3,3.0,0.9625,0.0
2016-03-07,3.6,3.0,0.8875,0.0
2016-03-08,2.8,2.7,0.5625,0.0
2016-03-09,3.9,2.8,0.2,0.0
2016-03-10,3.0,4.5,0.8125,0.0
2016-03-11,2.8,4.2,0.9875,0.0
2016-03-12,1.9,2.6,0.9875,0.0
2016-03-13,0.4,2.5,0.975,0.0
2016-03-14,3.4,2.2,0.9875,0.0
2016-03-15,4.3,4.3,0.6625,0.0
2016-03-16,3.5,3.1,0.275,0.0
2016-03-17,3.9,3.2,0.1875,0.0
2016-03-18,3.8,3.3,0.8,0.0
2016-03-19,3.4,3.9,0.7875,0.0
2016-03-20,6.7,5.8,0.825,0.0
2016-03-21,6.5,6.3,0.9375,0.1
2016-03-22,6.4,4.5,0.9,0.0
2016-03-23,5.9,4.0,0.45,0.0
2016-03-24,4.3,2.3,0.6875,1.2
2016-03-25,6.8,3.1,0.9125,0.7
2016-03-26,7.4,3.4,0.375,0.0
2016-03-27,8.2,3.9,0.3875,2.9
2016-03-28,8.5,4.6,0.4125,2.1
2016-03-29,7.1,4.1,0.5875,1.5
2016-03-30,6.2,4.7,0.65,2.5
2016-03-31,6.6,3.6,0.625,0.0
2016-04-01,5.3,2.5,0.1125,0.0
2016-04-02,9.4,2.5,0.45,0.0
2016-04-03,12.0,1.8,0.8375,0.2
2016-04-04,13.0,2.4,0.7875,3.0
2016-04-05,9.0,2.3,0.9375,4.8
2016-04-06,9.2,4.9,0.9375,1.6
2016-04-07,6.9,5.1,0.6375,3.2
2016-04-08,6.9,3.7,0.6625,5.5
2016-04-09,6.7,2.3,0.375,0.0
2016-04-10,7.9,3.6,0.6125,0.0
2016-04-11,7.5,5.3,0.4375,2.2
2016-04-12,6.8,3.9,0.6375,0.7
2016-04-13,7.5,2.8,0.7625,0.0
2016-04-14,7.8,2.1,0.7,0.0
2016-04-15,9.4,2.6,0.75,0.1
2016-04-16,9.6,4.2,0.825,1.1
2016-04-17,7.0,5.8,0.325,0.1
2016-04-18,7.3,5.0,0.8125,0.5
2016-04-19,8.0,7.7,0.6875,0.1
2016-04-20,7.5,5.7,0.275,0.0
2016-04-21,7.5,4.6,0.2125,0.0
2016-04-22,7.2,5.2,0.35,0.0
2016-04-23,4.7,4.0,0.225,0.1
2016-04-24,3.1,3.1,0.4,0.0
2016-04-25,3.3,3.5,0.8125,8.8
2016-04-26,1.9,2.3,0.8875,19.1
2016-04-27,3.7,2.4,0.9125,4.5
2016-04-28,5.6,3.9,0.6625,1.3
2016-04-29,6.7,3.6,0.6375,4.9
2016-04-30,7.0,1.8,0.7875,2.4
2016-05-01,7.7,2.9,0.0,0.0
2016-05-02,12.0,1.8,0.0875,0.0
2016-05-03,9.8,3.8,0.5125,0.7
2016-05-04,8.6,2.6,0.0875,0.0
2016-05-05,10.4,2.8,0.0,0.0
2016-05-06,14.5,3.5,0.0,0.0
2016-05-07,17.6,3.3,0.0,0.0
2016-05-08,17.3,4.0,0.0,0.0
2016-05-09,15.4,4.2,0.0,0.0
2016-05-10,16.0,4.4,0.0,0.0
2016-05-11,15.4,5.0,0.125,0.0
2016-05-12,13.0,6.0,0.3,0.0
2016-05-13,13.1,3.5,0.1,6.9
2016-05-14,8.3,4.7,0.8125,3.5
2016-05-15,7.6,4.5,0.6625,1.7
2016-05-16,8.7,6.0,0.5125,0.0
2016-05-17,9.4,4.3,0.9375,0.0
2016-05-18,13.0,2.3,0.7875,0.0
2016-05-19,16.0,2.1,0.6625,0.0
2016-05-20,14.1,3.0,0.9125,2.2
2016-05-21,16.6,2.6,0.75,0.0
2016-05-22,19.8,3.3,0.6,6.7
2016-05-23,14.8,2.5,0.95,1.2
2016-05-24,13.2,3.5,0.975,0.5
2016-05-25,14.7,2.5,0.9375,0.0
2016-05-26,13.5,2.1,0.975,2.6
2016-05-27,14.4,2.2,0.7,0.0
2016-05-28,16.1,3.8,0.6,0.0
2016-05-29,15.5,5.0,0.7375,0.0
2016-05-30,17.5,5.8,0.4875,0.0
2016-05-31,18.0,4.7,0.4625,1.2
2016-06-01,18.8,5.1,0.5625,0.0
2016-06-02,18.6,4.3,0.3875,0.0
2016-06-03,18.9,3.6,0.0875,0.0
2016-06-04,20.2,2.4,0.0,0.0
2016-06-05,20.9,2.4,0.0,0.0
2016-06-06,19.1,3.8,0.175,0.0
2016-06-07,19.6,3.1,0.225,0.0
2016-06-08,16.0,4.5,0.85,0.0
2016-06-09,15.7,3.7,0.175,0.0
2016-06-10,14.4,4.1,0.4875,0.0
2016-06-11,15.0,3.8,0.375,1.6
2016-06-12,13.4,3.1,0.975,2.3
2016-06-13,14.2,4.0,0.9875,6.0
2016-06-14,15.3,2.5,0.95,8.7
2016-06-15,15.4,1.9,0.9125,20.0
2016-06-16,15.5,1.5,0.525,4.4
2016-06-17,15.9,3.0,0.65,0.0
2016-06-18,15.5,4.0,0.45,0.0
2016-06-19,14.1,3.7,0.9125,0.0
2016-06-20,16.1,3.6,0.5,11.4
2016-06-21,17.4,3.1,0.6,0.0
2016-06-22,19.8,2.5,0.6375,0.3
2016-06-23,22.9,2.4,0.6,5.3
2016-06-24,21.4,2.9,0.7125,2.1
2016-06-25,17.6,3.9,0.975,23.7
2016-06-26,16.5,4.1,0.6125,0.0
2016-06-27,16.1,3.2,0.7125,2.9
2016-06-28,16.3,2.7,0.725,2.8
2016-06-29,16.3,2.9,0.7875,0.7
2016-06-30,16.8,2.8,0.9375,1.4
2016-07-01,17.8,3.1,0.95,12.3
2016-07-02,15.3,3.2,0.75,2.6
2016-07-03,14.5,3.7,0.3,1.4
2016-07-04,15.0,2.5,0.725,2.9
2016-07-05,15.5,3.0,0.775,12.7
2016-07-06,14.3,7.5,0.65,0.0
2016-07-07,15.5,3.4,0.5375,0.0
2016-07-08,16.9,3.0,0.7375,3.8
2016-07-09,16.8,4.4,0.8375,0.1
2016-07-10,20.4,3.3,0.875,4.3
2016-07-11,18.7,3.8,0.7625,0.0
2016-07-12,17.5,4.3,0.5625,6.8
2016-07-13,14.5,1.7,0.625,6.6
2016-07-14,14.1,4.3,0.6125,1.1
2016-07-15,15.1,6.0,0.8375,0.8
2016-07-16,15.7,3.3,0.7375,0.3
2016-07-17,15.7,2.7,0.7625,1.5
2016-07-18,16.8,4.0,0.95,0.0
2016-07-19,19.3,2.7,0.7125,0.0
2016-07-20,21.5,2.2,0.025,0.3
2016-07-21,22.6,2.7,0.55,0.0
2016-07-22,22.2,2.0,0.4875,2.6
2016-07-23,22.4,2.3,0.75,0.0
2016-07-24,21.7,2.4,0.3,0.0
2016-07-25,21.7,2.0,0.7875,2.4
2016-07-26,19.2,2.8,0.4875,0.0
2016-07-27,18.9,1.9,0.8125,4.9
2016-07-28,19.0,2.2,0.6125,0.0
2016-07-29,19.1,2.2,0.9125,4.0
2016-07-30,17.6,3.1,0.625,13.8
2016-07-31,15.7,1.8,0.875,1.8
2016-08-01,15.9,3.6,0.4375,0.0
2016-08-02,16.7,2.1,0.5,0.2
2016-08-03,17.6,2.9,0.825,4.5
2016-08-04,18.0,3.4,0.8375,1.7
2016-08-05,17.8,3.9,0.55,0.0
2016-08-06,16.1,3.8,0.625,3.3
2016-08-07,17.8,3.5,0.725,0.2
2016-08-08,17.3,5.1,0.75,0.3
2016-08-09,12.9,4.0,0.5625,0.8
2016-08-10,12.0,3.8,0.35,1.5
2016-08-11,11.9,2.9,0.7375,1.5
2016-08-12,16.4,3.3,0.9,0.3
2016-08-13,16.8,3.9,0.85,0.4
2016-08-14,15.6,3.9,0.5375,0.7
2016-08-15,15.2,3.3,0.575,0.0
2016-08-16,15.0,2.6,0.1375,0.0
2016-08-17,15.6,2.0,0.0375,0.0
2016-08-18,15.4,2.9,0.5625,0.0
2016-08-19,16.8,2.1,0.425,0.5
2016-08-20,18.0,2.1,0.75,10.2
2016-08-21,17.1,2.6,0.5375,1.5
2016-08-22,16.9,2.9,0.8125,7.7
2016-08-23,19.2,2.9,0.6875,0.0
2016-08-24,21.2,1.8,0.0,0.0
2016-08-25,24.4,2.0,0.0,0.0
2016-08-26,23.0,3.3,0.1,0.0
2016-08-27,18.0,2.7,0.25,14.7
2016-08-28,19.2,3.4,0.5,3.8
2016-08-29,16.7,4.9,0.5,0.0
2016-08-30,16.6,3.3,0.175,0.0
2016-08-31,18.4,1.8,0.025,0.0
2016-09-01,17.0,3.0,0.3,1.5
2016-09-02,16.7,2.3,0.5625,0.9
2016-09-03,17.3,2.9,0.85,16.5
2016-09-04,16.5,2.6,0.925,7.3
2016-09-05,16.4,3.5,0.3625,0.1
2016-09-06,17.2,1.6,0.0875,0.0
2016-09-07,19.0,1.5,0.0375,0.0
2016-09-08,21.2,1.9,0.0625,0.0
2016-09-09,18.7,3.2,0.3125,0.0
2016-09-10,19.9,1.8,0.1375,0.1
2016-09-11,19.0,2.3,0.625,0.0
2016-09-12,21.3,2.0,0.0,0.0
2016-09-13,23.7,2.6,0.0,0.0
2016-09-14,21.6,3.3,0.0,0.0
2016-09-15,20.2,3.3,0.0,0.0
2016-09-16,19.0,2.6,0.475,2.6
2016-09-17,18.0,5.9,0.75,0.0
2016-09-18,16.0,5.4,0.875,0.0
2016-09-19,14.7,2.3,0.875,0.0
2016-09-20,15.1,2.3,0.775,0.0
2016-09-21,15.8,2.7,0.575,0.0
2016-09-22,15.3,1.6,0.3125,0.0
2016-09-23,15.2,2.4,0.5375,0.1
2016-09-24,15.0,2.0,0.0625,0.0
2016-09-25,17.6,2.3,0.0,0.2
2016-09-26,15.6,2.1,0.75,0.1
2016-09-27,15.9,1.9,0.2,0.0
2016-09-28,17.4,6.1,0.875,0.0
2016-09-29,16.2,4.8,0.8875,6.3
2016-09-30,12.8,3.1,0.4875,5.6
2016-10-01,12.9,2.1,0.4375,0.1
2016-10-02,13.0,1.9,0.725,0.0
2016-10-03,12.7,5.2,0.85,3.7
2016-10-04,12.6,6.8,0.5375,0.0
2016-10-05,11.0,7.2,0.525,0.0
2016-10-06,11.0,7.9,0.975,0.0
2016-10-07,11.2,6.5,0.85,0.0
2016-10-08,10.7,5.7,0.8125,4.7
2016-10-09,8.7,3.0,0.975,8.4
2016-10-10,9.7,4.3,0.925,12.4
2016-10-11,10.1,8.9,0.9875,3.7
2016-10-12,9.4,5.8,0.9375,6.2
2016-10-13,9.3,4.5,0.9,0.0
2016-10-14,8.4,5.7,0.95,0.0
2016-10-15,8.8,4.4,0.975,0.7
2016-10-16,10.3,2.3,1.0,0.0
2016-10-17,9.6,2.9,0.9875,1.0
2016-10-18,11.7,2.3,0.875,2.5
2016-10-19,7.9,1.4,0.9375,7.4
2016-10-20,9.3,3.2,0.975,5.6
2016-10-21,9.2,3.6,0.9375,9.4
2016-10-22,7.7,2.8,0.9875,8.3
2016-10-23,7.4,1.6,0.9375,0.0
2016-10-24,7.5,2.3,0.55,0.0
2016-10-25,6.5,2.6,0.5875,0.0
2016-10-26,5.8,2.0,0.8375,1.2
2016-10-27,11.8,3.4,0.9625,0.0
2016-10-28,11.4,5.0,0.6875,1.6
2016-10-29,9.5,4.3,0.6125,0.0
2016-10-30,9.0,2.7,0.525,0.1
2016-10-31,11.0,1.8,0.9875,2.2
2016-11-01,9.7,4.2,0.65,0.5
2016-11-02,6.0,5.0,0.55,0.0
2016-11-03,3.8,2.6,0.3625,3.5
2016-11-04,7.4,3.2,0.9,0.6
2016-11-05,5.4,2.3,0.7625,3.7
2016-11-06,5.7,4.3,0.9875,0.9
2016-11-07,3.3,6.0,0.9875,0.0
2016-11-08,0.9,4.7,0.975,0.0
2016-11-09,-0.3,2.1,0.5,0.0
2016-11-10,2.9,2.6,0.8875,1.0
2016-11-11,3.5,3.4,0.5,0.1
2016-11-12,0.0,2.0,0.45,0.0
2016-11-13,-0.1,3.3,0.5375,0.0
2016-11-14,0.6,3.7,0.4,3.3
2016-11-15,6.2,3.8,0.8125,0.2
2016-11-16,7.3,3.3,0.7875,7.4
2016-11-17,7.2,3.8,0.6125,3.9
2016-11-18,6.6,4.9,0.6,0.4
2016-11-19,4.9,4.1,0.3875,0.0
2016-11-20,6.5,5.1,0.5375,2.9
2016-11-21,10.2,2.6,0.85,0.4
2016-11-22,10.4,2.0,0.425,0.0
2016-11-23,8.3,1.3,0.8625,0.0
2016-11-24,2.9,2.2,0.0,0.0
2016-11-25,1.6,1.5,0.8625,0.0
2016-11-26,4.8,4.4,0.9125,0.1
2016-11-27,4.4,4.6,0.0625,0.0
2016-11-28,1.3,4.5,0.15,0.0
2016-11-29,0.7,3.9,0.3125,0.5
2016-11-30,5.3,5.1,0.9125,2.7
2016-12-01,8.3,8.5,0.8875,0.1
2016-12-02,2.4,4.0,0.0625,0.0
2016-12-03,-1.4,1.8,0.5375,0.0
2016-12-04,2.9,2.6,0.975,0.0
2016-12-05,3.2,2.6,0.9125,0.0
2016-12-06,5.2,2.2,0.9125,1.0
2016-12-07,4.8,4.1,0.7375,0.5
2016-12-08,8.3,5.9,0.7875,1.1
2016-12-09,8.8,5.2,0.975,0.8
2016-12-10,9.5,4.5,0.9875,10.7
2016-12-11,7.9,4.7,0.9375,2.5
2016-12-12,4.8,2.8,0.9375,0.4
2016-12-13,5.6,2.0,0.975,1.6
2016-12-14,4.4,1.7,0.9375,0.0
2016-12-15,0.4,2.8,0.975,0.0
2016-12-16,-0.3,2.3,0.875,0.0
2016-12-17,1.9,2.2,0.9875,1.4
2016-12-18,6.2,2.5,0.95,0.0
2016-12-19,5.1,1.5,1.0,0.0
2016-12-20,1.7,2.8,1.0,0.0
2016-12-21,2.9,4.3,0.9,0.4
2016-12-22,5.1,3.5,0.9,0.9
2016-12-23,6.4,5.2,0.875,2.7
2016-12-24,5.9,6.2,0.8375,12.4
2016-12-25,8.4,6.1,0.9375,3.5
2016-12-26,7.5,8.8,0.7625,2.8
2016-12-27,7.8,9.8,0.8125,0.0
2016-12-28,6.6,4.3,0.6875,0.0
2016-12-29,3.5,3.5,0.4125,0.0
2016-12-30,1.4,3.9,0.4375,0.0
2016-12-31,4.2,5.6,0.975,0.1
2017-01-01,5.1,4.9,0.9875,3.7
2017-01-02,1.7,3.2,0.375,1.7
2017-01-03,5.2,6.8,0.9,8.6
2017-01-04,3.5,8.9,0.6875,0.0
2017-01-05,-2.2,6.2,0.725,0.0
2017-01-06,-5.4,2.3,0.3625,0.0
2017-01-07,-1.0,4.2,0.9625,0.4
2017-01-08,2.2,2.0,0.9875,0.0
2017-01-09,1.8,3.0,1.0,0.1
2017-01-10,2.2,3.8,0.9875,0.0
2017-01-11,4.0,6.2,0.9,11.2
2017-01-12,3.5,5.4,0.55,4.6
2017-01-13,2.0,2.9,0.6875,1.3
2017-01-14,1.2,3.9,0.675,0.0
2017-01-15,-0.4,3.5,0.6,0.0
2017-01-16,-1.8,2.8,0.0875,0.0
2017-01-17,-0.8,2.1,0.8375,0.0
2017-01-18,-0.2,2.8,0.9125,0.0
2017-01-19,0.9,3.1,1.0,0.0
2017-01-20,3.0,2.6,0.9875,0.0
2017-01-21,4.6,2.3,1.0,0.0
2017-01-22,1.6,1.6,1.0,0.0
2017-01-23,0.6,2.4,0.975,0.0
2017-01-24,1.2,3.1,0.9875,0.0
2017-01-25,-1.3,2.4,0.975,0.0
2017-01-26,-0.2,2.4,0.6125,0.0
2017-01-27,0.6,2.9,0.0,0.0
2017-01-28,0.6,2.2,0.0125,0.7
2017-01-29,3.0,3.2,0.875,1.7
2017-01-30,2.4,4.2,0.9,4.9
2017-01-31,2.7,5.1,0.975,0.0
2017-02-01,1.2,3.0,0.9875,0.0
2017-02-02,1.5,3.0,0.9625,0.5
2017-02-03,1.6,2.5,0.975,1.1
2017-02-04,4.8,1.7,0.9625,0.1
2017-02-05,2.4,3.9,1.0,1.1
2017-02-06,2.0,5.3,0.95,0.0
2017-02-07,0.4,4.9,0.975,0.6
2017-02-08,-2.0,4.6,1.0,0.0
2017-02-09,-2.5,3.5,0.975,0.0
2017-02-10,-2.2,5.2,0.8875,0.0
2017-02-11,-0.7,5.3,0.7875,0.0
2017-02-12,-0.2,5.8,0.975,0.0
2017-02-13,-1.4,4.1,0.2625,0.0
2017-02-14,-2.1,2.5,0.4875,0.0
2017-02-15,2.6,1.7,0.0,0.0
2017-02-16,5.0,3.6,0.6875,2.1
2017-02-17,5.4,3.6,0.975,0.3
2017-02-18,4.0,4.4,0.9875,0.2
2017-02-19,5.4,4.0,0.9625,1.2
2017-02-20,7.2,6.7,0.975,2.1
2017-02-21,6.3,6.5,0.85,14.9
2017-02-22,6.9,7.9,0.8875,2.3
2017-02-23,5.0,5.0,0.875,17.3
2017-02-24,2.7,5.7,0.4375,0.3
2017-02-25,2.6,4.2,0.7375,6.9
2017-02-26,7.3,5.1,1.0,3.2
2017-02-27,9.8,4.3,0.95,0.3
2017-02-28,5.3,4.9,0.725,4.0
2017-03-01,4.0,4.1,0.7,1.3
2017-03-02,5.1,4.5,0.825,1.4
2017-03-03,6.3,3.4,0.4,0.2
2017-03-04,7.2,2.2,0.7875,0.2
2017-03-05,6.1,3.1,0.6875,2.4
2017-03-06,3.4,6.2,1.0,0.0
2017-03-07,1.2,3.7,0.975,0.0
2017-03-08,4.0,3.1,0.9,0.3
2017-03-09,5.9,3.4,0.95,3.0
2017-03-10,6.5,5.5,0.6125,0.0
2017-03-11,4.8,2.3,0.4875,0.0
2017-03-12,3.9,2.8,0.8125,0.0
2017-03-13,4.4,2.6,0.725,0.0
2017-03-14,7.7,4.7,0.9125,0.2
2017-03-15,7.0,5.3,0.2,0.0
2017-03-16,9.1,3.7,0.6125,0.0
2017-03-17,6.7,6.3,0.925,12.3
2017-03-18,5.4,7.3,0.575,0.5
2017-03-19,4.2,3.4,0.7625,14.9
2017-03-20,8.8,4.5,0.975,12.0
2017-03-21,6.9,5.6,0.4875,0.0
2017-03-22,6.7,2.9,0.0125,0.0
2017-03-23,5.0,3.3,0.425,0.0
2017-03-24,4.9,2.0,0.05,0.0
2017-03-25,6.2,4.1,0.2625,0.0
2017-03-26,6.2,1.6,0.55,0.0
2017-03-27,7.6,2.2,0.375,0.0
2017-03-28,9.2,1.7,0.0,0.5
2017-03-29,9.0,4.3,0.875,0.4
2017-03-30,12.7,3.2,0.8,0.0
2017-03-31,16.0,2.4,0.1875,0.3
2017-04-01,12.9,2.3,0.5625,0.9
2017-04-02,10.5,4.1,0.675,0.0
2017-04-03,8.3,2.9,0.35,0.0
2017-04-04,8.3,1.7,0.125,0.0
2017-04-05,7.4,5.9,0.5875,0.0
2017-04-06,7.3,6.3,0.5375,0.0
2017-04-07,9.2,7.3,0.675,0.0
2017-04-08,8.9,4.4,0.8375,0.0
2017-04-09,11.8,2.6,0.1375,0.0
2017-04-10,9.4,6.7,0.6125,0.0
2017-04-11,6.8,6.1,0.7125,4.8
2017-04-12,7.8,5.8,0.925,7.8
2017-04-13,7.5,6.8,0.8,1.0
2017-04-14,7.6,4.3,0.9125,12.2
2017-04-15,7.2,6.2,0.85,3.5
2017-04-16,5.4,3.1,0.775,1.4
2017-04-17,4.4,3.0,0.625,7.3
2017-04-18,4.3,6.5,0.625,0.6
2017-04-19,3.5,2.8,0.225,0.0
2017-04-20,5.7,3.7,0.65,0.0
2017-04-21,9.2,6.6,0.9125,0.6
2017-04-22,6.0,7.2,0.475,0.3
2017-04-23,5.6,6.2,0.4375,0.0
2017-04-24,6.5,5.0,0.9125,1.4
2017-04-25,3.8,2.9,0.6,1.6
2017-04-26,4.7,2.1,0.475,0.2
2017-04-27,6.0,3.4,0.6,0.6
2017-04-28,7.1,3.0,0.9125,0.7
2017-04-29,5.3,2.8,0.3625,1.9
2017-04-30,8.3,4.0,0.125,0.0
2017-05-01,9.1,6.7,0.325,0.0
2017-05-02,8.9,8.3,0.425,2.6
2017-05-03,9.3,8.1,0.6625,0.0
2017-05-04,9.1,8.8,0.9375,1.2
2017-05-05,7.9,5.8,0.975,0.8
2017-05-06,9.0,1.8,0.775,0.0
2017-05-07,11.5,2.8,0.3,0.0
2017-05-08,8.2,6.3,0.4375,0.0
2017-05-09,6.6,3.5,0.5,0.4
2017-05-10,7.8,3.9,0.9125,0.5
2017-05-11,9.9,3.6,0.1375,0.0
2017-05-12,10.6,4.7,0.75,1.6
2017-05-13,13.7,2.0,0.8125,2.8
2017-05-14,15.2,3.0,0.5,3.9
2017-05-15,14.8,2.9,0.6875,2.0
2017-05-16,13.9,2.4,0.9625,8.2
2017-05-17,19.9,2.3,0.675,0.0
2017-05-18,19.3,3.4,0.4375,0.9
2017-05-19,15.1,3.1,0.8875,10.0
2017-05-20,13.2,4.5,0.575,0.0
2017-05-21,13.9,2.6,0.0625,0.0
2017-05-22,14.3,2.3,0.0625,0.0
2017-05-23,16.9,3.7,0.6375,0.5
2017-05-24,14.0,6.3,0.4,0.0
2017-05-25,15.2,5.0,0.25,0.0
2017-05-26,17.0,2.8,0.3125,0.0
2017-05-27,20.0,2.0,0.0,0.0
2017-05-28,19.6,4.2,0.225,0.1
2017-05-29,16.4,3.0,0.85,6.3
2017-05-30,17.3,3.8,0.7875,0.0
2017-05-31,13.9,6.7,0.6375,0.0
2017-06-01,13.2,4.5,0.0125,0.0
2017-06-02,15.2,2.1,0.0,0.0
2017-06-03,16.6,2.0,0.7875,1.8
2017-06-04,15.5,4.1,0.5875,1.8
2017-06-05,16.5,3.1,0.0625,0.0
2017-06-06,17.1,3.3,0.4,2.6
2017-06-07,12.3,5.2,0.7875,11.7
2017-06-08,13.7,3.1,0.9,4.9
2017-06-09,16.6,2.7,0.5625,2.2
2017-06-10,16.3,2.8,0.7625,0.0
2017-06-11,21.2,3.8,0.5625,2.1
2017-06-12,15.6,5.9,0.8625,0.3
2017-06-13,14.6,6.1,0.6875,0.0
2017-06-14,16.0,3.5,0.6625,0.0
2017-06-15,18.6,2.1,0.3875,0.0
2017-06-16,15.7,6.6,0.5875,0.2
2017-06-17,16.7,5.6,0.2875,0.0
2017-06-18,20.0,3.3,0.45,0.0
2017-06-19,21.6,1.8,0.2125,0.0
2017-06-20,17.4,3.9,0.1625,0.0
2017-06-21,15.1,3.1,0.475,0.0
2017-06-22,17.8,2.4,0.5,12.7
2017-06-23,16.6,5.8,0.95,1.6
2017-06-24,16.3,4.6,0.825,2.3
2017-06-25,15.5,4.8,0.9,0.0
2017-06-26,14.5,5.0,0.4125,0.0
2017-06-27,14.2,2.6,0.475,1.4
2017-06-28,17.0,5.3,0.925,2.6
2017-06-29,17.0,2.7,0.9375,31.8
2017-06-30,14.9,3.4,0.9625,37.7
2017-07-01,16.3,3.2,0.725,1.1
2017-07-02,15.1,5.2,0.775,0.5
2017-07-03,15.7,4.9,0.6625,0.6
2017-07-04,14.6,4.7,0.675,0.5
2017-07-05,15.5,3.0,0.5,0.0
2017-07-06,15.2,2.8,0.0625,0.0
2017-07-07,18.4,1.9,0.7,0.2
2017-07-08,17.6,4.5,0.6,0.0
2017-07-09,15.6,2.4,0.125,0.0
2017-07-10,16.2,1.9,0.7375,3.7
2017-07-11,16.9,2.8,0.7625,5.2
2017-07-12,14.3,3.6,0.7875,4.8
2017-07-13,14.2,4.9,0.4625,0.0
2017-07-14,15.4,1.9,0.5,0.0
2017-07-15,16.4,2.0,0.65,0.1
2017-07-16,16.0,3.3,0.75,1.2
2017-07-17,15.3,3.6,0.5375,0.0
2017-07-18,16.1,2.1,0.425,0.0
2017-07-19,18.6,3.8,0.2625,12.3
2017-07-20,20.0,1.7,0.775,5.4
2017-07-21,18.8,3.2,0.35,0.0
2017-07-22,17.4,3.3,0.7125,4.3
2017-07-23,18.0,2.6,0.725,2.8
2017-07-24,16.6,2.3,0.6,1.3
2017-07-25,16.1,5.0,0.9625,18.1
2017-07-26,18.5,3.4,0.4375,0.0
2017-07-27,17.1,2.6,0.8375,0.0
2017-07-28,16.0,3.0,0.65,6.2
2017-07-29,17.7,3.6,0.8375,31.1
2017-07-30,19.5,3.2,0.7125,1.0
2017-07-31,18.9,2.5,0.45,0.0
2017-08-01,18.2,1.9,0.675,0.0
2017-08-02,18.1,2.3,0.6,4.5
2017-08-03,18.2,3.4,0.9,10.0
2017-08-04,17.7,5.2,0.6,0.0
2017-08-05,17.3,4.0,0.35,7.5
2017-08-06,15.7,4.2,0.375,0.0
2017-08-07,17.7,2.1,0.1625,0.0
2017-08-08,18.6,2.2,0.5375,3.5
2017-08-09,18.3,3.4,0.3375,0.0
2017-08-10,16.7,2.3,0.4,0.0
2017-08-11,15.4,2.9,0.7625,0.0
2017-08-12,15.2,2.9,0.8,6.4
2017-08-13,15.2,3.3,0.45,0.0
2017-08-14,15.0,2.4,0.125,0.1
2017-08-15,20.9,2.5,0.625,6.8
2017-08-16,17.9,2.5,0.3375,0.0
2017-08-17,17.9,2.4,0.65,5.0
2017-08-18,18.2,2.6,0.8,3.0
2017-08-19,14.9,3.7,0.65,6.2
2017-08-20,14.3,3.6,0.475,3.4
2017-08-21,15.0,4.6,0.8,0.1
2017-08-22,14.6,3.4,0.3875,0.0
2017-08-23,15.4,2.0,0.15,0.0
2017-08-24,16.7,3.6,0.4375,2.0
2017-08-25,16.3,3.3,0.225,0.0
2017-08-26,16.0,1.8,0.5,0.0
2017-08-27,16.5,3.7,0.3625,0.0
2017-08-28,16.8,1.6,0.1875,0.0
2017-08-29,20.6,2.2,0.2,0.0
2017-08-30,18.6,3.0,0.85,2.3
2017-08-31,15.0,3.2,0.7625,0.3
2017-09-01,14.1,1.7,0.5625,0.1
2017-09-02,13.3,2.3,0.325,0.0
2017-09-03,13.1,1.5,0.275,0.0
2017-09-04,13.6,2.9,0.0125,0.0
2017-09-05,16.3,1.6,0.425,5.7
2017-09-06,16.7,3.4,0.925,11.0
2017-09-07,14.9,4.3,0.8,1.5
2017-09-08,14.3,3.8,0.9625,7.7
2017-09-09,14.0,2.4,0.7125,6.3
2017-09-10,14.5,3.4,0.425,0.5
2017-09-11,15.5,4.7,0.6875,0.1
2017-09-12,14.2,3.9,0.75,4.9
2017-09-13,12.4,6.0,0.75,11.4
2017-09-14,12.1,4.7,0.75,3.2
2017-09-15,12.6,3.6,0.625,0.8
2017-09-16,11.0,2.2,0.8125,0.2
2017-09-17,12.1,1.5,0.95,6.5
2017-09-18,11.4,1.3,0.425,0.0
2017-09-19,11.6,2.3,0.5375,3.4
2017-09-20,12.8,2.9,0.9375,3.9
2017-09-21,14.6,1.7,0.8625,0.0
2017-09-22,13.0,1.9,0.4625,0.0
2017-09-23,12.9,1.7,0.575,0.4
2017-09-24,14.9,3.3,0.925,0.6
2017-09-25,15.2,4.6,0.95,0.2
2017-09-26,14.6,3.1,0.8375,0.0
2017-09-27,15.1,3.2,0.9125,0.1
2017-09-28,14.2,2.4,0.8375,4.7
2017-09-29,16.5,2.6,0.525,0.0
2017-09-30,14.7,2.5,0.975,3.2
2017-10-01,14.1,2.7,0.4625,3.4
2017-10-02,13.3,5.0,0.8125,11.9
2017-10-03,12.5,4.1,0.5875,1.6
2017-10-04,11.2,4.5,0.9,22.6
2017-10-05,9.9,5.0,0.825,36.5
2017-10-06,11.8,4.8,0.5125,0.0
2017-10-07,11.0,4.0,0.875,6.5
2017-10-08,9.4,3.6,0.3125,0.0
2017-10-09,9.0,2.5,0.625,3.8
2017-10-10,12.6,3.2,0.9625,3.8
2017-10-11,14.0,4.3,0.9625,4.1
2017-10-12,12.9,6.8,0.825,1.3
2017-10-13,13.2,3.0,0.775,0.0
2017-10-14,15.9,4.7,0.9875,0.5
2017-10-15,16.2,2.6,0.4125,0.0
2017-10-16,15.8,2.2,0.3375,0.0
2017-10-17,14.3,3.8,0.1125,0.0
2017-10-18,12.6,2.1,0.6,0.0
2017-10-19,13.5,2.7,0.625,0.0
2017-10-20,13.0,2.4,0.95,4.3
2017-10-21,12.4,2.2,0.9875,0.3
2017-10-22,10.6,2.6,0.625,3.1
2017-10-23,10.8,2.2,0.925,3.3
2017-10-24,12.1,2.8,0.975,3.4
2017-10-25,13.9,5.0,0.8,2.0
2017-10-26,12.2,3.9,0.725,0.0
2017-10-27,10.8,5.6,0.5875,0.0
2017-10-28,11.0,7.2,0.9125,7.3
2017-10-29,8.8,8.9,0.4125,0.0
2017-11-10,6.9,4.2,0.7625,12.8
2017-11-11,4.2,3.3,0.4375,4.0
2017-11-12,4.5,2.8,0.625,0.6
2017-11-13,3.5,3.0,0.3125,0.1
2017-11-14,5.2,3.3,0.75,0.6
2017-11-15,7.4,2.0,0.625,0.5
2017-11-16,7.8,3.1,0.975,2.4
2017-11-17,6.1,3.0,0.2875,0.3
2017-11-18,5.3,4.9,0.6375,13.9
2017-11-19,4.8,5.1,0.4125,1.1
2017-11-20,4.6,2.7,0.75,0.0
2017-11-21,4.8,2.0,0.9875,8.1
2017-11-22,9.7,4.5,0.6875,2.9
2017-11-23,10.1,5.6,0.5375,3.1
2017-11-24,6.2,3.0,0.65,0.4
2017-11-25,2.7,2.3,0.7875,0.4
2017-11-26,3.8,4.6,0.8125,5.7
2017-11-27,4.5,4.7,0.9625,12.0
2017-11-28,4.9,4.4,0.8875,9.3
2017-11-29,3.5,1.5,0.975,6.7
2017-11-30,1.8,1.6,0.975,0.0
2017-12-01,3.2,2.8,0.9125,0.8
2017-12-02,0.0,3.1,0.725,2.5
2017-12-03,3.8,3.5,0.875,1.6
2017-12-04,4.8,4.3,0.6625,0.6
2017-12-05,8.1,6.8,0.975,0.1
2017-12-06,8.3,7.4,0.9875,0.0
2017-12-07,6.5,6.2,1.0,8.1
2017-12-08,2.5,4.1,0.8125,10.7
2017-12-09,2.1,4.2,0.75,6.0
2017-12-10,0.5,4.2,0.95,0.3
2017-12-11,1.4,5.3,0.9875,10.4
2017-12-12,1.3,3.8,0.725,0.7
2017-12-13,1.6,5.3,0.875,10.4
2017-12-14,2.8,4.7,0.9125,2.0
2017-12-15,2.9,3.4,0.975,0.0
2017-12-16,2.1,3.4,0.375,0.0
2017-12-17,0.6,3.0,0.45,0.0
2017-12-18,2.0,2.7,0.825,0.1
2017-12-19,5.1,2.2,0.9375,2.2
2017-12-20,6.2,2.5,0.9625,0.1
2017-12-21,6.4,4.1,0.975,0.0
2017-12-22,5.7,3.7,0.6,0.0
2017-12-23,7.1,7.9,0.9875,1.1
2017-12-24,8.3,8.1,0.975,4.0
2017-12-25,8.2,6.1,0.975,0.2
2017-12-26,5.8,6.0,0.8125,0.2
2017-12-27,4.3,3.3,0.9125,0.2
2017-12-28,3.7,3.6,0.6875,1.4
2017-12-29,2.5,4.2,0.675,2.1
2017-12-30,3.7,4.2,0.95,2.4
2017-12-31,7.3,3.3,0.85,14.5
2018-01-01,6.7,5.3,0.875,0.9
2018-01-02,5.0,3.1,0.8125,11.6
2018-01-03,5.3,4.9,0.95,9.2
2018-01-04,5.3,3.7,0.875,7.6
2018-01-05,4.9,3.6,0.9875,5.4
2018-01-06,3.5,3.4,0.925,0.2
2018-01-07,-0.7,3.2,0.0375,0.0
2018-01-08,-0.9,2.7,0.0,0.0
2018-01-09,2.3,4.9,0.3875,0.0
2018-01-10,3.0,2.0,0.8625,0.0
2018-01-11,3.2,3.3,0.975,4.9
2018-01-12,2.4,3.8,0.9875,0.2
2018-01-13,0.9,3.5,0.9875,0.0
2018-01-14,-0.3,3.9,0.425,0.0
2018-01-15,0.9,5.0,0.625,5.4
2018-01-16,2.9,4.2,0.8875,6.0
2018-01-17,1.5,3.8,0.7375,2.6
2018-01-18,1.5,4.6,0.975,6.1
2018-01-19,1.5,2.9,0.85,1.6
2018-01-20,1.6,2.6,0.975,1.2
2018-01-21,-0.3,1.7,0.8875,0.0
2018-01-22,0.4,2.6,0.9875,0.2
2018-01-23,3.9,3.1,0.9625,2.8
2018-01-24,10.3,6.0,0.9625,3.7
2018-01-25,7.3,3.7,0.875,0.0
2018-01-26,5.4,1.9,0.85,0.0
2018-01-27,5.0,3.8,0.9875,4.7
2018-01-28,7.3,6.9,0.7,2.3
2018-01-29,7.6,8.0,0.925,11.0
2018-01-30,5.1,6.2,0.625,0.0
2018-01-31,4.3,4.4,0.8375,7.2
2018-02-01,2.7,5.1,0.85,3.4
2018-02-02,2.7,3.6,1.0,1.2
2018-02-03,-0.8,3.8,0.975,2.7
2018-02-04,0.6,6.9,0.9625,0.6
2018-02-05,-0.3,3.8,0.9375,0.0
2018-02-06,-2.6,1.3,0.3875,0.0
2018-02-07,-5.2,1.0,0.0125,0.0
2018-02-08,-2.8,1.9,0.0125,0.0
2018-02-09,-2.0,2.5,0.0,0.0
2018-02-10,-1.0,1.9,0.3125,0.0
2018-02-11,2.0,4.8,0.9125,4.9
2018-02-12,1.5,4.8,0.5875,6.2
2018-02-13,0.9,2.7,0.1625,0.0
2018-02-14,0.5,2.5,0.0,0.0
2018-02-15,0.8,4.5,0.875,1.1
2018-02-16,3.4,4.1,0.5625,0.1
2018-02-17,3.1,1.7,1.0,0.0
2018-02-18,2.8,2.3,0.8375,0.0
2018-02-19,3.1,1.6,0.875,0.0
2018-02-20,1.8,3.0,0.375,0.0
2018-02-21,-0.7,1.6,0.575,1.1
2018-02-22,0.3,2.1,0.8125,0.3
2018-02-23,-0.6,3.5,0.225,0.0
2018-02-24,-0.3,5.5,0.9,0.9
2018-02-25,-2.8,5.0,0.9125,0.0
2018-02-26,-2.5,7.1,0.8,0.0
2018-02-27,-3.7,6.4,0.8375,0.2
2018-02-28,-6.6,5.5,0.65,0.0
2018-03-01,-4.8,5.7,0.725,0.3
2018-03-02,-5.8,4.9,0.6625,0.5
2018-03-03,-5.0,4.7,0.0,0.0
2018-03-04,-2.8,3.8,0.55,2.2
2018-03-05,3.5,2.6,0.6,0.0
2018-03-06,3.1,2.8,0.1,0.0
2018-03-07,0.5,2.1,0.7625,6.6
2018-03-08,3.0,2.2,0.875,5.5
2018-03-09,2.6,3.8,0.7375,0.3
2018-03-10,2.4,2.9,0.9875,6.7
2018-03-11,9.1,1.9,0.875,0.6
2018-03-12,6.3,1.1,0.875,7.1
2018-03-13,5.0,3.6,0.9875,0.3
2018-03-14,2.5,3.0,0.975,0.0
2018-03-15,1.9,7.3,1.0,0.0
2018-03-16,-0.3,11.7,0.9625,0.4
2018-03-17,-2.4,12.0,0.7875,0.0
2018-03-18,-1.7,9.1,0.3375,0.0
2018-03-19,-0.1,2.7,0.1875,0.0
2018-03-20,1.7,5.5,0.225,0.0
2018-03-21,1.6,3.4,0.65,2.3
2018-03-22,4.2,3.9,1.0,0.2
2018-03-23,3.7,1.9,1.0,0.1
2018-03-24,5.9,1.5,0.9875,0.0
2018-03-25,6.5,1.9,0.9875,0.0
2018-03-26,3.5,3.2,0.925,0.0
2018-03-27,3.5,2.2,0.975,0.0
2018-03-28,2.5,5.4,0.9,8.7
2018-03-29,0.6,4.1,0.975,0.8
2018-03-30,1.4,3.6,0.1875,0.0
2018-03-31,1.4,6.3,0.925,3.1
2018-04-01,1.3,3.5,0.725,1.2
2018-04-02,3.3,3.1,0.5625,5.6
2018-04-03,9.1,2.4,0.9375,2.1
2018-04-04,11.4,3.0,0.7125,5.0
2018-04-05,7.0,5.1,0.65,0.2
2018-04-06,6.9,3.5,0.3875,0.0
2018-04-07,11.2,2.9,0.0,0.0
2018-04-08,15.8,2.0,0.2125,0.0
2018-04-09,13.2,3.2,0.8125,0.0
2018-04-10,5.5,8.4,0.8875,0.0
2018-04-11,4.4,9.1,0.9375,0.0
2018-04-12,6.1,7.9,0.775,0.2
2018-04-13,7.1,6.1,0.875,11.1
2018-04-14,7.2,3.5,0.975,2.6
2018-04-15,8.5,2.0,0.825,2.6
2018-04-16,10.2,2.1,0.675,13.3
2018-04-17,11.8,3.1,0.1625,0.0
2018-04-18,15.4,2.8,0.1,0.0
2018-04-19,17.5,1.9,0.0,0.0
2018-04-20,18.0,3.5,0.0,0.0
2018-04-21,11.6,3.2,0.0875,0.0
2018-04-22,10.7,2.7,0.275,5.6
2018-04-23,12.4,5.1,0.4375,0.0
2018-04-24,10.2,5.2,0.8125,10.3
2018-04-25,9.2,4.2,0.9125,9.5
2018-04-26,8.6,4.7,0.725,0.0
2018-04-27,9.7,3.0,0.625,0.8
2018-04-28,11.3,2.3,0.7625,1.3
2018-04-29,9.1,3.4,0.75,0.0
2018-04-30,11.0,4.6,0.5625,1.8
2018-05-01,7.6,5.0,0.7375,9.4
2018-05-02,10.5,2.8,0.1125,0.0
2018-05-03,9.6,3.9,0.25,0.0
2018-05-04,8.3,1.9,0.0,0.0
2018-05-05,10.6,2.3,0.0,0.0
2018-05-06,14.2,2.5,0.0,0.0
2018-05-07,16.4,2.7,0.0,0.0
2018-05-08,17.6,3.1,0.0,0.0
2018-05-09,18.1,3.1,0.0,0.0
2018-05-10,16.1,3.2,0.8,11.9
2018-05-11,13.0,3.2,0.55,0.0
2018-05-12,14.4,3.1,0.6875,0.0
2018-05-13,14.6,4.5,0.25,0.0
2018-05-14,15.7,3.8,0.0,0.0
2018-05-15,15.5,3.2,0.3625,0.0
2018-05-16,17.0,3.7,0.4875,0.0
2018-05-17,12.4,4.0,0.2875,0.0
2018-05-18,12.0,3.1,0.5625,0.0
2018-05-19,12.8,2.0,0.7875,0.0
2018-05-20,15.2,3.5,0.0,0.0
2018-05-21,14.5,4.4,0.0,0.0
2018-05-22,16.2,3.6,0.05,0.0
2018-05-23,16.5,2.9,0.0,0.0
2018-05-24,16.5,5.0,0.0,0.0
2018-05-25,16.4,4.7,0.0125,0.0
2018-05-26,16.6,3.4,0.1,0.0
2018-05-27,15.3,4.4,0.925,3.0
2018-05-28,17.6,3.9,0.65,0.1
2018-05-29,19.9,4.8,0.15,0.0
2018-05-30,19.5,4.0,0.125,0.0
2018-05-31,18.4,4.9,0.0125,0.0
2018-06-01,18.5,4.3,0.0125,0.0
2018-06-02,19.4,2.9,0.225,0.0
2018-06-03,17.8,3.3,0.85,0.0
2018-06-04,16.8,4.3,0.625,0.0
2018-06-05,16.7,3.2,0.2875,0.0
2018-06-06,18.3,3.6,0.0375,0.0
2018-06-07,19.8,3.2,0.0,0.0
2018-06-08,19.5,3.1,0.05,0.0
2018-06-09,20.0,2.3,0.7125,0.0
2018-06-10,18.4,2.8,0.9125,0.7
2018-06-11,15.9,5.1,0.8375,0.0
2018-06-12,14.0,4.8,1.0,0.0
2018-06-13,14.2,4.9,0.8875,0.0
2018-06-14,16.3,3.5,0.725,3.2
2018-06-15,16.5,2.3,0.2625,0.1
2018-06-16,18.4,1.9,0.7625,11.8
2018-06-17,16.5,3.2,0.7625,0.4
2018-06-18,16.1,2.9,0.8625,2.1
2018-06-19,16.5,4.7,0.5,0.3
2018-06-20,18.8,4.1,0.5625,2.0
2018-06-21,12.2,4.7,0.6875,9.0
2018-06-22,12.7,6.2,0.6625,0.0
2018-06-23,13.1,6.4,0.8875,2.3
2018-06-24,14.1,4.3,0.8,0.0
2018-06-25,14.6,4.0,0.9125,0.0
2018-06-26,16.7,2.4,0.5625,0.0
2018-06-27,18.0,2.9,0.1125,0.0
2018-06-28,19.2,2.8,0.0,0.0
2018-06-29,18.1,4.3,0.0,0.0
2018-06-30,17.8,2.8,0.0625,0.0
2018-07-01,17.6,2.5,0.0125,0.0
2018-07-02,18.3,2.9,0.0,0.0
2018-07-03,17.8,3.3,0.0,0.0
2018-07-04,16.3,2.7,0.4625,0.0
2018-07-05,16.4,3.9,1.0,0.0
2018-07-06,17.1,6.8,0.325,0.0
2018-07-07,16.5,7.0,0.0375,0.0
2018-07-08,17.6,4.2,0.1,0.0
2018-07-09,14.8,6.2,0.6625,0.0
2018-07-10,15.8,4.5,0.675,4.9
2018-07-11,18.3,4.0,0.925,0.0
2018-07-12,21.0,3.9,0.075,0.0
2018-07-13,18.6,4.7,0.25,0.0
2018-07-14,15.8,3.9,0.775,0.0
2018-07-15,17.8,2.3,0.1125,0.0
2018-07-16,19.9,2.6,0.0,0.0
2018-07-17,21.9,2.7,0.0,0.0
2018-07-18,19.3,4.7,0.1875,0.0
2018-07-19,18.2,4.3,0.125,0.0
2018-07-20,18.1,2.6,0.0,0.0
2018-07-21,20.9,2.1,0.2625,0.2
2018-07-22,21.5,3.2,0.4125,0.0
2018-07-23,20.9,3.1,0.3375,0.0
2018-07-24,23.3,2.0,0.0875,0.0
2018-07-25,24.3,1.9,0.2875,0.0
2018-07-26,25.0,3.2,0.0,0.0
2018-07-27,24.6,5.1,0.0,0.0
2018-07-28,23.6,3.6,0.475,2.5
2018-07-29,21.6,2.6,0.3125,0.0
2018-07-30,24.8,2.3,0.8375,0.0
2018-07-31,26.9,3.0,0.45,0.2
2018-08-01,20.8,3.0,0.3,0.0
2018-08-02,21.8,2.3,0.075,0.0
2018-08-03,22.8,2.4,0.05,0.0
2018-08-04,21.6,3.5,0.4375,0.0
2018-08-05,18.5,4.5,0.5625,0.0
2018-08-07,26.0,2.2,0.0375,0.0
2018-08-08,24.6,3.4,0.3125,0.0
2018-08-09,21.0,3.4,0.575,4.9
2018-08-10,17.2,4.6,0.55,2.3
2018-08-11,15.0,4.2,0.65,12.8
2018-08-12,16.5,2.5,0.8625,0.6
2018-08-13,19.1,1.8,0.95,5.4
2018-08-14,19.1,3.9,0.825,0.6
2018-08-15,19.3,3.0,0.8125,0.0
2018-08-16,20.9,2.8,0.3375,0.0
2018-08-17,17.5,2.5,0.4875,1.3
2018-08-18,18.0,3.3,0.3625,0.0
2018-08-19,19.3,2.9,0.8625,0.8
2018-08-20,18.0,4.5,0.7875,0.1
2018-08-21,16.5,2.2,0.325,0.0
2018-08-22,21.5,2.2,0.0125,0.0
2018-08-23,19.5,2.5,0.4625,1.1
2018-08-24,15.7,3.8,0.525,1.9
2018-08-25,11.9,2.7,0.4,3.5
2018-08-26,14.0,3.1,0.4375,1.3
2018-08-27,15.0,3.9,0.7875,3.3
2018-08-28,16.0,2.3,0.5875,0.7
2018-08-29,18.6,2.5,0.5,5.2
2018-08-30,15.5,4.1,0.8125,19.8
2018-08-31,15.1,3.5,0.375,0.0
2018-09-01,15.0,2.3,0.45,0.0
2018-09-02,16.3,3.4,0.35,0.7
2018-09-03,19.1,5.0,0.575,0.0
2018-09-04,17.9,3.5,0.275,0.0
2018-09-05,17.0,2.7,0.2125,0.0
2018-09-06,18.6,3.4,0.225,7.5
2018-09-07,15.9,2.7,0.825,2.0
2018-09-10,17.0,2.9,0.7125,1.3
2018-09-11,15.6,3.9,0.975,6.8
2018-09-12,13.5,2.8,0.6625,1.0
2018-09-14,14.1,2.6,0.6625,1.8
2018-09-22,11.0,4.0,0.5375,1.9
2018-09-23,10.0,2.7,0.575,0.4
2018-09-24,9.1,5.7,0.1,0.8
2018-09-25,9.3,2.9,0.175,0.0
2018-09-26,12.6,6.1,0.75,0.9
2018-09-27,16.5,5.1,0.95,0.6
2018-09-28,10.6,4.8,0.225,0.0
2018-09-29,9.9,2.7,0.6,0.0
2018-09-30,11.2,3.1,0.625,1.0
2018-10-01,9.0,4.4,0.4125,0.2
2018-10-02,8.7,5.3,0.725,4.6
2018-10-03,10.5,6.5,0.675,0.5
2018-10-04,12.5,2.7,0.975,1.4
2018-10-05,15.1,3.0,0.35,0.0
2018-10-06,12.0,2.1,0.325,1.0
2018-10-07,8.6,3.6,0.3,0.0
2018-10-08,10.1,2.8,0.625,0.0
2018-10-09,11.9,2.6,0.3125,0.0
2018-10-10,13.1,1.7,0.0,0.0
2018-10-16,15.6,1.6,0.7,0.0
2018-10-17,16.4,1.9,0.3375,0.0
2018-10-19,8.0,2.0,0.475,0.0
2018-10-25,10.6,7.0,0.7875,0.1
2018-10-26,8.9,3.3,0.9125,10.7
2018-10-27,5.4,5.1,0.825,2.9
2018-10-28,5.1,5.6,0.5875,7.4
2018-10-29,6.7,7.0,0.95,0.5
2018-10-30,8.8,5.4,0.9625,0.3
2018-10-31,8.7,4.0,0.875,0.0
2018-11-01,10.0,2.4,0.7875,0.0
2018-11-02,8.8,3.6,0.625,0.3
2018-11-03,5.8,1.9,0.0,0.0
2018-11-04,7.1,2.1,0.725,0.0
2018-11-05,9.9,2.7,0.9875,0.0
2018-11-06,8.2,1.9,0.65,0.0
2018-11-07,9.5,2.0,0.1125,0.0
2018-11-08,9.7,1.8,0.725,0.0
2018-11-09,7.2,1.8,0.7625,0.5
2018-11-10,10.3,3.0,0.8875,2.3
2018-11-11,11.6,3.1,0.925,3.3
2018-11-12,9.9,2.0,0.775,3.4
2018-11-13,9.5,3.8,0.8,2.0
2018-11-14,8.7,2.9,0.8375,0.0
2018-11-15,8.8,2.1,0.5,0.0
2018-11-16,6.7,2.8,0.0,0.0
2018-11-17,3.9,2.7,0.025,0.0
2018-11-18,4.5,5.0,0.7875,0.0
2018-11-19,5.9,8.4,0.9125,1.9
2018-11-20,4.6,7.1,0.825,0.0
2018-11-21,2.8,5.5,0.9375,0.0
2018-11-22,1.3,4.0,1.0,0.0
2018-11-23,1.7,2.3,1.0,0.0
2018-11-24,2.9,1.4,1.0,0.0
2018-11-25,5.0,4.7,1.0,2.0
2018-11-26,4.5,4.9,0.9375,0.0
2018-11-27,2.0,2.5,0.925,0.0
2018-11-28,1.4,4.5,0.475,1.3
2018-11-29,3.1,5.3,0.95,3.3
2018-11-30,6.6,3.6,0.825,0.0
2018-12-01,6.6,3.3,0.8125,0.3
2018-12-02,8.0,3.5,0.975,4.8
2018-12-03,10.2,4.2,0.975,3.8
2018-12-04,4.9,4.9,0.2375,0.2
2018-12-05,3.0,2.5,0.35,0.0
2018-12-06,6.6,3.6,0.975,3.4
2018-12-07,10.0,4.5,0.9625,10.1
2018-12-08,6.9,6.4,0.9375,7.4
2018-12-09,6.5,5.8,0.8,2.7
2018-12-10,4.6,7.1,0.4875,1.4
2018-12-11,4.2,5.1,0.7625,0.0
2018-12-12,4.3,4.9,0.975,0.5
2018-12-13,2.6,4.7,0.95,4.2
2018-12-14,1.9,2.9,0.975,0.3
2018-12-15,0.2,2.6,0.7875,0.0
2018-12-16,-0.2,3.4,0.8375,0.0
2018-12-17,0.6,2.1,0.9875,1.2
2018-12-18,4.6,2.3,0.925,0.2
2018-12-19,3.3,3.2,0.8125,0.1
2018-12-20,4.7,2.2,0.975,2.2
2018-12-21,6.2,3.1,0.975,10.4
2018-12-22,4.5,2.5,0.9875,2.0
2018-12-23,5.7,3.5,0.975,0.8
2018-12-24,2.2,3.9,0.7125,0.1
2018-12-25,5.7,5.9,0.875,0.0
2018-12-26,7.7,5.3,0.975,0.0
2018-12-27,7.0,5.2,0.9875,0.0
2018-12-28,7.2,3.9,0.9875,1.6
2018-12-29,7.6,4.2,1.0,6.1
2018-12-30,5.9,5.8,0.6125,0.0
2018-12-31,6.6,3.7,0.975,0.3
2019-01-01,6.3,9.9,0.725,0.1
2019-01-02,2.7,7.1,0.025,0.0
2019-01-03,-1.4,2.6,0.0875,0.3
2019-01-04,4.9,5.6,0.95,0.2
2019-01-05,6.2,3.8,0.8125,0.1
2019-01-06,2.8,2.2,0.95,1.0
2019-01-07,6.4,4.5,0.9875,10.6
2019-01-08,5.3,8.6,0.9375,1.1
2019-01-09,3.0,9.3,0.9625,0.0
2019-01-10,1.4,3.1,0.9375,0.5
2019-01-11,5.3,5.2,0.625,0.2
2019-01-12,5.7,5.6,0.9125,3.8
2019-01-13,6.6,7.7,0.9,3.0
2019-01-14,2.1,8.4,0.3,0.3
2019-01-15,5.9,7.0,0.9625,1.9
2019-01-16,6.6,6.2,0.975,4.1
2019-01-17,3.1,5.6,0.925,1.6
2019-01-18,-0.4,3.1,0.1875,0.0
2019-01-19,0.0,1.9,0.4625,0.0
2019-01-20,-1.2,1.3,0.5625,0.0
2019-01-21,-1.6,3.3,0.8125,0.2
2019-01-22,-0.5,3.3,0.5375,0.0
2019-01-23,-3.6,2.6,0.2625,0.0
2019-01-24,-5.0,2.1,1.0,0.0
2019-01-25,-3.7,2.9,0.9875,0.2
2019-01-26,2.2,2.4,0.95,4.7
2019-01-27,4.7,3.2,0.9875,6.5
2019-01-28,1.4,2.8,0.85,0.2
2019-01-29,-0.2,2.8,0.2875,0.3
2019-01-30,0.5,3.5,0.375,0.1
2019-01-31,0.5,2.6,0.6625,0.0
2019-02-01,-0.4,3.7,0.5625,0.0
2019-02-02,1.0,3.7,0.925,0.1
2019-02-03,1.1,3.6,0.45,0.0
2019-02-04,1.5,4.6,0.675,1.0
2019-02-05,3.5,4.7,0.975,0.8
2019-02-06,3.3,3.3,0.9375,7.9
2019-02-07,5.5,4.4,0.85,3.9
2019-02-08,6.6,5.5,1.0,4.9
2019-02-09,7.0,6.9,0.9125,2.8
2019-02-10,5.1,4.5,0.875,13.9
2019-02-11,4.5,7.0,0.425,0.2
2019-02-12,4.3,4.7,0.7125,0.0
2019-02-13,6.9,5.5,1.0,0.0
2019-02-14,5.9,3.7,0.5,0.0
2019-02-15,6.8,2.0,0.0,0.0
2019-02-16,8.4,3.6,0.275,0.0
2019-02-17,9.4,2.2,0.525,0.0
2019-02-18,8.0,2.3,0.0125,0.8
2019-02-19,6.3,5.2,0.875,1.9
2019-02-20,6.9,4.1,0.9875,0.4
2019-02-21,7.3,4.8,0.975,0.8
2019-02-22,3.5,3.9,0.6125,0.0
2019-02-23,2.9,2.4,0.1375,0.0
2019-02-24,5.0,2.3,0.0125,0.0
2019-02-25,4.4,2.3,0.0,0.0
2019-02-26,6.0,2.2,0.225,0.0
2019-02-27,8.4,3.0,0.0,0.0
2019-02-28,5.7,4.6,0.575,0.0
2019-03-01,4.3,3.0,0.9125,0.0
2019-03-02,4.5,2.6,0.875,0.8
2019-03-03,8.7,4.8,0.8375,8.7
2019-03-04,8.2,7.8,0.875,7.9
2019-03-05,6.1,6.9,0.7,0.7
2019-03-06,6.1,3.6,0.875,4.3
2019-03-07,8.7,4.7,0.875,7.2
2019-03-08,5.9,7.5,0.775,4.3
2019-03-09,4.8,6.6,0.8125,5.6
2019-03-10,5.0,5.2,0.4625,0.3
2019-03-11,2.7,2.8,0.5625,1.9
2019-03-12,3.9,4.8,0.7,6.0
2019-03-13,5.2,6.2,0.9625,8.7
2019-03-14,5.6,5.5,0.9125,5.4
2019-03-15,6.3,8.2,0.8625,3.9
2019-03-16,6.3,5.5,0.7375,14.7
2019-03-17,7.1,7.1,0.7875,6.5
2019-03-18,5.0,7.8,0.6375,2.1
2019-03-19,4.6,3.5,0.3,0.0
2019-03-20,6.5,3.9,0.85,0.0
2019-03-21,9.0,4.8,0.9875,0.0
2019-03-22,8.7,2.5,0.6625,0.0
2019-03-23,7.4,4.1,0.7,0.0
2019-03-24,5.2,3.4,0.7,3.7
2019-03-25,4.9,4.8,0.4875,0.0
2019-03-26,6.1,5.8,0.8125,0.0
2019-03-27,7.4,4.6,0.975,0.8
2019-03-28,9.3,3.9,1.0,0.0
2019-03-29,9.4,3.2,0.475,0.0
2019-03-30,9.7,3.3,0.15,0.0
2019-03-31,5.5,4.0,0.1875,0.0
2019-04-01,4.2,3.0,0.0125,0.0
2019-04-02,8.8,3.4,0.2625,0.4
2019-04-03,8.7,2.4,0.625,6.0
2019-04-05,8.6,2.7,0.375,0.0
2019-04-06,9.1,3.3,0.175,0.0
2019-04-07,9.2,3.0,0.0375,0.0
2019-04-08,7.5,4.8,0.425,0.1
2019-04-09,4.4,4.4,0.175,0.0
2019-04-10,3.5,4.7,0.3125,0.2
2019-04-11,4.2,3.0,0.975,0.8
2019-04-12,3.8,4.1,0.8125,1.7
2019-04-13,2.9,6.5,0.925,4.1
2019-04-14,4.9,6.7,0.9375,0.2
2019-04-15,5.6,6.2,0.375,0.0
2019-04-16,6.4,5.6,0.15,0.0
2019-04-17,8.2,4.1,0.0,0.0
2019-04-18,9.3,5.1,0.0,0.0
2019-04-19,9.6,4.3,0.0,0.0
2019-04-20,8.9,2.8,0.0,0.0
2019-04-21,11.3,2.5,0.0,0.0
2019-04-22,12.2,4.6,0.0,0.0
2019-04-23,12.6,6.9,0.1875,0.0
2019-04-24,14.4,4.0,0.3375,0.2
2019-04-25,16.4,2.9,0.3,0.0
2019-04-26,13.1,3.8,0.7875,5.7
2019-04-27,12.3,2.7,0.775,1.7
2019-04-28,9.1,3.4,0.85,0.4
2019-04-29,10.3,3.7,0.4875,0.0
2019-04-30,11.7,3.8,0.4125,0.0
2019-05-01,8.6,6.4,0.9875,0.0
2019-05-02,8.0,6.5,0.8,0.8
2019-05-03,5.8,5.5,0.425,1.0
2019-05-04,4.4,4.2,0.5,0.0
2019-05-05,6.3,4.2,0.3875,0.4
2019-05-06,6.7,5.0,0.4625,0.4
2019-05-07,6.9,3.7,0.375,1.1
2019-05-08,9.9,2.6,0.7,7.3
2019-05-09,12.4,2.6,0.85,0.1
2019-05-10,9.1,3.3,0.75,2.8
2019-05-11,7.8,3.3,0.075,0.0
2019-05-12,8.7,5.5,0.0625,0.0
2019-05-13,8.8,4.2,0.075,0.0
2019-05-14,8.5,2.6,0.375,0.0
2019-05-15,9.6,2.8,0.2,0.0
2019-05-16,11.5,6.5,0.9375,0.8
2019-05-17,10.6,5.0,0.9625,0.0
2019-05-18,13.3,4.7,0.5125,0.0
2019-05-19,12.7,4.9,0.7625,0.0
2019-05-20,15.4,4.1,0.6875,0.0
2019-05-21,15.1,3.7,0.975,29.6
2019-05-22,11.1,5.7,0.6375,0.8
2019-05-23,13.9,2.9,0.2,0.0
2019-05-24,13.9,4.6,0.35,0.0
2019-05-25,11.6,4.5,0.9,0.0
2019-05-26,12.5,3.9,0.9125,14.9
2019-05-27,13.6,4.9,0.7875,0.0
2019-05-28,10.9,3.7,0.5625,0.0
2019-05-29,10.2,2.6,0.25,0.0
2019-05-30,13.3,3.7,0.7875,1.3
2019-05-31,16.7,4.2,0.9375,0.0
2019-06-01,16.3,3.9,0.5125,0.0
2019-06-02,19.1,2.1,0.375,0.0
2019-06-03,19.6,3.0,0.6,0.6
2019-06-04,15.6,2.5,0.7375,1.5
2019-06-05,21.0,3.3,0.6,0.0
2019-06-06,18.1,3.6,0.55,0.1
2019-06-07,15.0,3.3,0.4125,4.9
2019-06-08,15.6,4.7,0.6875,0.0
2019-06-09,15.8,3.8,0.5,0.2
2019-06-10,15.3,5.0,0.9375,12.4
2019-06-11,16.4,3.2,0.8,10.5
2019-06-12,16.1,3.1,0.875,1.4
2019-06-15,17.4,3.8,0.8875,14.5
2019-06-16,16.9,2.6,0.5,0.0
2019-06-17,18.7,2.3,0.1625,0.0
2019-06-18,20.3,2.2,0.4,13.3
2019-06-19,20.2,2.4,0.25,4.4
2019-06-20,17.6,3.0,0.7,0.2
2019-06-21,15.7,3.0,0.5375,0.0
2019-06-22,14.4,2.8,0.05,0.0
2019-06-23,17.6,3.8,0.025,0.0
2019-06-24,19.3,3.8,0.0,0.0
2019-06-25,24.1,2.1,0.125,0.0
2019-06-26,22.0,4.9,0.225,0.0
2019-06-27,14.8,6.2,0.575,0.0
2019-06-28,15.9,3.1,0.225,0.0
2019-06-29,19.2,2.3,0.075,0.0
2019-06-30,21.9,4.1,0.0875,0.0
2019-07-01,17.1,5.1,0.5625,5.6
2019-07-02,13.5,6.1,0.625,0.0
2019-07-03,13.4,4.7,0.5125,0.0
2019-07-04,14.0,5.2,0.775,1.9
2019-07-05,14.5,4.6,0.95,1.3
2019-07-06,14.5,4.8,0.8875,4.7
2019-07-07,13.1,5.9,0.925,0.0
2019-07-08,13.5,4.6,0.925,0.0
2019-07-09,14.1,4.3,0.65,0.0
2019-07-10,15.2,3.9,0.3,0.0
2019-07-11,16.1,1.7,0.925,1.2
2019-07-12,17.1,1.7,0.875,5.5
2019-07-13,17.5,3.6,0.9,0.0
2019-07-14,14.4,3.4,1.0,0.0
2019-07-15,14.3,5.2,0.975,0.0
2019-07-16,16.0,5.4,0.7125,0.0
2019-07-17,15.6,2.1,0.525,0.0
2019-07-18,17.9,2.0,0.5125,0.0
2019-07-19,18.5,2.6,0.6875,0.0
2019-07-20,19.2,2.3,0.5,15.4
2019-07-21,17.3,4.5,0.8,0.0
2019-07-22,16.0,2.4,0.5875,2.1
2019-07-23,21.4,2.9,0.225,0.0
2019-07-24,23.2,2.4,0.0,0.0
2019-07-25,24.8,2.9,0.0,0.0
2019-07-26,22.6,5.1,0.025,0.0
2019-07-27,20.9,7.3,0.2,0.0
2019-07-28,21.2,5.5,0.575,0.3
2019-07-29,21.5,2.9,0.675,2.1
2019-07-30,18.8,2.7,0.775,4.2
2019-07-31,17.7,2.2,0.6125,9.9
2019-08-01,18.0,1.9,0.4625,0.1
2019-08-02,18.4,2.2,0.875,0.0
2019-08-03,18.4,2.2,0.575,0.0
2019-08-04,17.0,2.6,0.6375,0.0
2019-08-05,17.8,2.0,0.75,0.2
2019-08-06,19.2,2.8,0.525,0.0
2019-08-07,17.9,2.7,0.4625,4.2
2019-08-08,17.5,4.3,0.475,0.9
2019-08-09,18.2,2.4,0.5,1.7
2019-08-10,20.1,3.8,0.6375,3.7
2019-08-11,18.9,3.7,0.4375,0.0
2019-08-12,18.2,3.4,0.4375,9.8
2019-08-13,14.0,2.9,0.625,4.9
2019-08-14,15.1,3.2,0.5625,0.4
2019-08-15,15.6,2.9,0.8125,9.8
2019-08-16,17.2,3.0,0.65,3.8
2019-08-17,17.4,3.2,0.8625,1.4
2019-08-18,16.1,2.1,0.775,2.4
2019-08-19,16.0,3.2,0.65,3.9
2019-08-20,16.2,3.0,0.3,0.0
2019-08-21,15.4,2.4,0.3625,0.0
2019-08-22,18.2,2.3,0.025,0.0
2019-08-23,18.5,2.4,0.0,0.0
2019-08-24,19.9,3.2,0.0375,0.0
2019-08-25,21.5,2.9,0.2,0.0
2019-08-26,23.1,2.5,0.2375,0.0
2019-08-27,22.2,2.8,0.4875,0.0
2019-08-28,24.7,2.4,0.325,0.1
2019-08-29,19.8,2.9,0.475,0.2
2019-08-30,18.1,1.7,0.275,0.0
2019-08-31,22.0,1.6,0.075,0.1
2019-09-01,17.5,3.6,0.5875,1.7
2019-09-02,14.2,2.9,0.4125,2.8
2019-09-03,15.4,3.8,0.7375,6.5
2019-09-04,16.3,3.5,0.7625,3.3
2019-09-05,13.0,4.4,0.4125,6.7
2019-09-06,13.3,3.6,0.8,0.0
2019-09-07,13.3,2.3,0.425,0.0
2019-09-08,12.7,1.7,0.225,0.0
2019-09-09,13.0,2.2,0.7125,18.0
2019-09-10,14.0,4.6,0.8,0.7
2019-09-11,14.3,3.8,0.425,2.9
2019-09-12,15.7,3.0,0.6875,3.4
2019-09-13,15.1,4.7,0.475,0.0
2019-09-14,12.9,2.6,0.1,0.0
2019-09-15,13.8,4.9,0.425,0.9
2019-09-16,12.1,4.0,0.4,1.3
2019-09-17,10.6,5.9,0.5125,1.6
2019-09-19,10.7,3.7,0.5875,0.0
2019-09-20,13.1,3.8,0.9375,0.0
2019-09-21,14.9,2.7,0.5,0.0
2019-09-22,15.6,2.9,0.2375,0.0
2019-09-23,15.5,3.8,0.6625,0.0
2019-09-24,15.5,2.3,0.9125,0.0
2019-09-25,14.6,1.7,0.9375,0.7
2019-09-26,14.6,2.6,0.975,13.0
2019-09-27,15.3,3.3,0.8125,1.5
2019-09-28,14.8,5.2,0.8375,9.9
2019-09-29,13.6,4.5,0.875,20.8
2019-09-30,13.0,6.4,0.825,9.4
2019-10-01,9.6,2.8,0.9375,9.3
2019-10-02,9.0,4.4,0.575,0.4
2019-10-03,9.4,3.5,0.875,0.0
2019-10-04,9.1,3.5,0.875,0.1
2019-10-05,9.3,5.2,0.95,0.9
2019-10-06,8.9,3.2,0.7,0.0
2019-10-07,8.5,2.5,0.7625,4.4
2019-10-08,11.1,4.2,0.8375,5.4
2019-10-09,11.4,4.4,0.9,1.6
2019-10-10,10.6,5.0,0.85,9.9
2019-10-11,13.0,7.2,0.95,9.9
2019-10-12,12.7,5.0,0.95,1.5
2019-10-13,13.8,3.5,0.975,1.3
2019-10-14,13.9,5.4,0.8875,0.0
2019-10-15,14.3,3.1,0.8125,7.2
2019-10-16,12.7,2.8,0.8375,3.1
2019-10-17,13.0,3.0,0.85,7.6
2019-10-18,12.8,4.2,0.7625,3.2
2019-10-19,11.9,4.3,0.9375,3.1
2019-10-20,11.4,2.1,0.9625,2.4
2019-10-21,12.3,3.5,0.875,0.0
2019-10-22,11.7,3.8,0.7,0.0
2019-10-24,12.7,3.8,0.975,0.0
2019-10-25,13.3,5.4,0.9375,1.2
2019-10-26,15.5,6.9,0.975,3.0
2019-10-27,10.2,6.4,0.75,2.1
2019-10-28,7.6,3.6,0.25,0.9
2019-10-29,6.0,3.3,0.175,0.0
2019-10-30,3.5,1.1,0.3125,0.0
2019-10-31,3.3,1.6,0.6875,0.0
2019-11-01,3.4,4.1,0.7875,5.7
2019-11-02,9.7,3.3,0.8625,3.2
2019-11-03,10.6,2.3,0.9625,1.0
2019-11-04,10.1,2.6,0.9875,20.4
2019-11-05,8.3,4.0,0.975,11.8
2019-11-06,6.2,2.0,0.9625,0.0
2019-11-07,4.8,2.3,1.0,1.6
2019-11-08,6.2,2.4,0.75,0.0
2019-11-09,5.2,1.6,0.8125,0.0
2019-11-10,5.5,2.9,0.475,0.1
2019-11-11,3.8,4.8,0.8625,0.0
2019-11-12,5.6,4.9,0.875,0.3
2019-11-13,4.6,4.3,0.7375,0.0
2019-11-14,5.1,3.0,0.75,0.0
2019-11-15,6.4,6.3,1.0,0.0
2019-11-16,7.1,4.3,1.0,9.5
2019-11-17,4.9,4.2,0.6875,3.1
2019-11-18,8.0,3.9,0.9875,3.4
2019-11-19,6.5,4.5,0.775,0.0
2019-11-20,3.5,2.0,0.975,3.3
2019-11-21,6.0,2.8,0.9375,5.4
2019-11-22,7.7,3.4,0.975,0.0
2019-11-23,7.1,6.0,0.9875,0.0
2019-11-24,4.8,5.6,1.0,0.0
2019-11-25,5.3,3.2,0.9875,0.7
2019-11-26,6.1,3.3,0.975,0.1
2019-11-27,8.0,3.6,0.9625,6.0
2019-11-28,8.6,5.0,0.925,3.3
2019-11-29,3.2,5.5,0.325,0.0
2019-11-30,2.2,3.3,0.3125,0.0
2019-12-01,2.1,2.5,0.8125,0.0
2019-12-02,2.7,3.5,0.5625,0.0
2019-12-03,5.1,4.0,0.9125,0.3
2019-12-04,5.9,4.7,0.95,0.0
2019-12-05,4.2,4.8,0.65,0.7
2019-12-06,6.2,7.5,0.9375,6.6
2019-12-07,8.1,6.4,0.9,0.9
2019-12-08,8.2,8.1,0.8875,5.4
2019-12-09,6.0,6.4,0.6375,0.8
2019-12-10,3.6,4.6,0.5125,0.0
2019-12-11,5.1,4.7,0.9875,0.6
2019-12-12,4.4,3.4,0.7875,0.3
2019-12-13,2.2,4.7,0.5,1.5
2019-12-14,3.7,5.6,0.9625,12.3
2019-12-15,5.5,8.0,0.6,2.7
2019-12-16,6.2,4.8,0.9375,2.5
2019-12-17,9.1,3.5,0.9625,0.6
2019-12-18,6.9,4.9,0.725,0.0
2019-12-19,7.2,4.1,0.6875,0.0
2019-12-20,7.3,4.3,0.9,3.7
2019-12-21,7.0,3.5,0.65,0.0
2019-12-22,4.2,3.3,0.95,3.3
2019-12-23,6.8,4.3,0.9125,1.8
2019-12-24,6.2,3.3,0.975,4.3
2019-12-25,5.4,3.0,0.9875,0.1
2019-12-26,5.1,2.8,0.9375,0.8
2019-12-27,2.9,3.5,0.9375,0.0
2019-12-28,1.0,2.6,0.95,0.0
2019-12-29,1.2,4.4,0.9625,0.0
2019-12-30,6.4,7.3,0.6875,0.1
2019-12-31,5.5,5.2,0.3625,0.0
